Nombre Entidad|Tipo proceso|Modalidad de seleccion|Numero de proceso|Año del proceso|Siglas del proceso|Sintesis del proceso|Nomenclatura del proceso|Detalle del objeto|Valor referencial|Moneda del proceso|Fecha de la convocatoria|Fecha de inicio de registro de participantes|Fecha de Fin de registro de participantes|Fecha de inicio de registro de participantes|Fecha de Fin de registro de participantes|Fecha de presentacion de propuestas|Reiniciado desde|Ruta del documento de la base|Numero de item|Detalle del item|Codigo del CUBSO|Detalle del CUBSO|Cantidad de item|Unidad de medida|Detalle de la moneda|Tipo de cambio|Valor referencial del item|Tipo de item
"EMPRESA DE GENERACION ELECTRICA SAN GABAN S.A."|"Adjudicación Simplificada"|"Sin Modalidad"|"2"|"2024"|"SAN GABAN S.A."|"SERVICIO DE CIERRE Y APERTURA DE PEQUEÑAS LAGUNAS"|"AS-SM-2-2024-SAN GABAN S.A.-1"|"Servicio"|"---"|""|"11/03/2024 18:34:00"|"12/03/2024 00:01:00"|"19/03/2024 23:59:00"|"20/03/2024 00:01:00"|null|"2ecff794-c605-4d0a-a99e-59a1bb01d6a5"|"1"|"SERVICIO DE CIERRE Y APERTURA DE PEQUEÑAS LAGUNAS"|"1"|"Servicio"|"Soles"|"1.00"|"---"|"ITEM"
"EMPRESA DE GENERACION ELECTRICA SAN GABAN S.A."|"Adjudicación Simplificada"|"Sin Modalidad"|"5"|"2024"|"SAN GABAN S.A."|"SERVICIO INTERNET BELLAVISTA CON SEGURIDAD ADMINISTRADA"|"AS-SM-5-2024-SAN GABAN S.A.-1"|"Servicio"|"---"|""|"13/03/2024 19:36:00"|"14/03/2024 00:01:00"|"24/03/2024 23:59:00"|"25/03/2024 00:01:00"|null|"34dd150e-2508-4946-aa36-e35d8c7dd5b4"|"1"|"SERVICIO INTERNET BELLAVISTA CON SEGURIDAD ADMINISTRADA"|"1"|"Servicio"|"Soles"|"1.00"|"---"|"ITEM"
"ENTIDAD PRESTADORA DE SERVICIOS DE AGUA POTABLE Y ALCANTARILLADO - JULIACA S.A."|"Concurso Público"|"Sin Modalidad"|"1"|"2024"|"EPS SEDAJULIACA S.A."|"CONTRATACION DE SERVICIO PARA LA DISTRIBUCION GRATUITA DE AGUA POTABLE MEDIANTE CAMIONES CISTERNA EN LAS ZONAS DEL AMBITO URBANO QUE NO CUENTAN CON SERVICIO DE AGUA POTABLE Y QUE SE ENCUENTRAN EN CONDICIONES DE POBREZA Y POBREZA EXTREMA DE LA EPS SEDAJULIACA S.A"|"CP-SM-1-2024-EPS SEDAJULIACA S.A.-1"|"Servicio"|"---"|""|"05/03/2024 19:51:00"|"06/03/2024 00:01:00"|"07/04/2024 23:59:00"|"08/04/2024 00:01:00"|null|"2f3e46e5-2ba7-4a17-80fe-6225d5191a74"|"1"|"CONTRATACION DE SERVICIO PARA LA DISTRIBUCION GRATUITA DE AGUA POTABLE MEDIANTE CAMIONES CISTERNA EN LAS ZONAS DEL AMBITO URBANO QUE NO CUENTAN CON SERVICIO DE AGUA POTABLE Y QUE SE ENCUENTRAN EN CONDICIONES DE POBREZA Y POBREZA EXTREMA DE LA EPS"|"1"|"Servicio"|"Soles"|"1.00"|"---"|"ITEM"
"GOBIERNO REGIONAL DE PUNO - UNIDAD DE GESTION EDUCATIVA LOCAL PUNO"|"Concurso Público"|"Sin Modalidad"|"12024"|"2024"|"UGELP/CS"|"SERVICIO DE CONECTIVIDAD DEL SERVICIO DE CONECTIVIDAD DE INTERNET PARA 72 INSTITUCIONES EDUCATIVAS FOCALIZADAS DEL AMBITO DE LA UGEL PUNO"|"CP-SM-12024-2024-UGELP/CS-1"|"Servicio"|"---"|""|"28/02/2024 15:54:00"|"29/02/2024 00:01:00"|"01/04/2024 23:59:00"|"02/04/2024 00:01:00"|null|"f148811c-1270-471f-8615-66e3146cdace"|"1"|"SERVICIO DE CONECTIVIDAD DEL SERVICIO DE INTERNET A IIEE DE LA UGEL PUNO"|"1"|"Servicio"|"Soles"|"1.00"|"---"|"ITEM"
"GOBIERNO REGIONAL DE PUNO SEDE CENTRAL"|"Subasta Inversa Electrónica"|"Subasta Inversa Electrónica"|"31"|"2024"|"OEC/GR PUNO"|"ADQUISICION DE SUMINISTRO DE DIESEL B5 S-50 SEGUN ESPECIFICACIONES TECNICAS PARA LA META MEJORAMIENTO DE LA CARRETERA PU N-110: EMP. PE-34I ASIRUNI - ROSASPATA - HUAYRAPATA - EMP. PE-34I NINANTAYA, DISTRITOS DE VILQUECHICO-ROSASPATA-MOHO-HUAYRAPATA, PROVINCIA DE HUANCANÉ Y MOHO - PUNO"|"SIE-SIE-31-2024-OEC/GR PUNO-1"|"Bien"|"---"|""|"01/03/2024 17:25:00"|"04/03/2024 00:01:00"|"13/03/2024 23:59:00"|"04/03/2024 00:01:00"|null|"0f0f8365-1167-45fd-b0e3-ae0589e981e1"|"1"|"DIESEL B5 S50"|"150000"|"Galon"|"Soles"|"1.00"|"---"|"ITEM"
"GOBIERNO REGIONAL DE PUNO SEDE CENTRAL"|"Subasta Inversa Electrónica"|"Subasta Inversa Electrónica"|"36"|"2024"|"OEC/GR PUNO"|"ADQUISICION DE SUMINISTRO DE CEMENTO PORTLAND TIPO IP SEGUN ESPECIFICACIONES TECNICAS PARA LA META  MEJORAMIENTO DE LA CARRETERA DV. DESAGUADERO( EMP PE 36A ) KELLUYO PISACOMA TRAMO II KELLUYO PISACOMA 27 + 479 KM MULTIDISTRITAL CHUCUITO PUNO"|"SIE-SIE-36-2024-OEC/GR PUNO-1"|"Bien"|"---"|""|"06/03/2024 12:27:00"|"07/03/2024 00:01:00"|"13/03/2024 23:59:00"|"07/03/2024 00:01:00"|null|"a25270a1-f845-45f5-ab6a-8db8b7fa2821"|"1"|"CEMENTO PORTLAND TIPO IP"|"446250"|"Kilogramo"|"Soles"|"1.00"|"---"|"ITEM"
"GOBIERNO REGIONAL DE PUNO SEDE CENTRAL"|"Subasta Inversa Electrónica"|"Subasta Inversa Electrónica"|"35"|"2024"|"OEC/GR PUNO"|"ADQUISICION DE DIESEL B5 S50  SEGUN ESPECIFICACIONES TECNICAS PARA LA META MEJORAMIENTO DE LA CARRETERA DV. DESAGUADERO ( EMP PE 36A ) KELLUYO PISACOMA TRAMO II KELLUYO PISACOMA 27+479 KM MULTIDISTRITAL CHUCUITO PUNO"|"SIE-SIE-35-2024-OEC/GR PUNO-1"|"Bien"|"---"|""|"06/03/2024 12:54:00"|"07/03/2024 00:01:00"|"15/03/2024 23:59:00"|"07/03/2024 00:01:00"|null|"5694ba93-dc4e-4b73-bc80-52b6a9733cc2"|"1"|"DIESEL B5 S50"|"35000"|"Galon"|"Soles"|"1.00"|"---"|"ITEM"
"GOBIERNO REGIONAL DE PUNO SEDE CENTRAL"|"Subasta Inversa Electrónica"|"Subasta Inversa Electrónica"|"34"|"2024"|"OEC/GR-PUNO"|"ADQUISICION DE CEMENTO PORTLAND TIPO IP SEGUN ESPECIFICACIONES TECNICAS PARA LA META MEJORAMIENTO DEL SERVICIO DE EDUCACION PRIMARIA EN LA IE. N° 72596 CESAR VALLEJO DE LA CIUDAD DE PUTINA , DISTRITO DE PUTINA SAN ANTONIO DE PUTINA - PUNO"|"SIE-SIE-34-2024-OEC/GR-PUNO-1"|"Bien"|"---"|""|"06/03/2024 18:32:00"|"07/03/2024 00:01:00"|"13/03/2024 23:59:00"|"07/03/2024 00:01:00"|null|"f86ad1b8-9148-4f56-b60b-592bd68d6ade"|"1"|"CEMENTO PORTLAND TIPO IP"|"86275"|"Kilogramo"|"Soles"|"1.00"|"---"|"ITEM"
"GOBIERNO REGIONAL DE PUNO SEDE CENTRAL"|"Adjudicación Simplificada"|"Sin Modalidad"|"17"|"2024"|"OEC/GR-PUNO"|"SERVICIO DE ALQUILER DE CAMION CISTERNA SEGUN TERMINOS DE REFERENCIA PARA LA META PARA LA META MEJORAMIENTO DE LA CARRETERA (PU 675) POMATA - YOROHOCO, PROVINCIA DE CHUCUITO - PUNO"|"AS-SM-17-2024-OEC/GR-PUNO-1"|"Servicio"|"---"|""|"06/03/2024 19:22:00"|"07/03/2024 00:01:00"|"14/03/2024 23:59:00"|"15/03/2024 00:01:00"|null|"67462429-b2b6-49d2-8de2-d8c289139218"|"1"|"ALQUILER DE CAMION CISTERNA"|"1"|"Servicio"|"Soles"|"1.00"|"---"|"ITEM"
"GOBIERNO REGIONAL DE PUNO SEDE CENTRAL"|"Adjudicación Simplificada"|"Sin Modalidad"|"18"|"2024"|"OEC/GR PUNO"|"ADQUISICION DE MATERIAL DE CANTERA SEGUN ESPECIFICACIONES TECNICAS PARA LA META  MEJORAMIENTO DE LA DEFENSA RIBEREÑA EN LAS MARGENES DERECHA E IZQUIERDA DEL RIO RAMIS EN LOS TRAMOS DE SACASCO, COLLANA, CHACAMARCA, PATASCACHI, YANAOCO, TUNI GRANDE, RAMIS Y BALSAPATA DE LAS PROVINCIAS DE HUANCANE Y AZANGARO - REGION PUNO"|"AS-SM-18-2024-OEC/GR PUNO-1"|"Bien"|"---"|""|"06/03/2024 19:50:00"|"07/03/2024 00:01:00"|"13/03/2024 23:59:00"|"14/03/2024 00:01:00"|null|"ae7029c3-da0c-4b11-8da8-feed9bef8619"|"1"|"MATERIAL DE CANTERA"|"170000"|"M3"|"Soles"|"1.00"|"---"|"ITEM"
"GOBIERNO REGIONAL DE PUNO SEDE CENTRAL"|"Concurso Público"|"Sin Modalidad"|"3"|"2024"|"CS/GR PUNO"|"CONTRATACION DEL SERVICIO DE ALQUILER DE CAMION VOLQUETE 15 M3 SEGUN TERMINOS DE REFERENCIA PARA LA META MEJORAMIENTO DEL CAMINO VECINAL (EMP. PE 3S) HUAQUINA ZAPIJICANE - PTO JULI - CHUCASUYO DEL DISTRITO DE JULI - PROVINCIA DE CHUCUITO - DEPARTAMENTO DE PUNO"|"CP-SM-3-2024-CS/GR PUNO-1"|"Servicio"|"---"|""|"07/03/2024 10:33:00"|"08/03/2024 00:01:00"|"09/04/2024 23:59:00"|"10/04/2024 00:01:00"|null|"b55b8130-a6e4-4736-91ce-aaeb7502ed0f"|"1"|"SERVICIO DE ALQUILER DE CAMION VOLQUETE 15 M3"|"1"|"Servicio"|"Soles"|"1.00"|"---"|"ITEM"
"GOBIERNO REGIONAL DE PUNO SEDE CENTRAL"|"Subasta Inversa Electrónica"|"Subasta Inversa Electrónica"|"38"|"2024"|"OEC/GR PUNO"|"ADQUISICION DE SUMINISTRO DE CEMENTO PORTLAND TIPO IP SEGUN ESPECIFICACIONES TECNICAS PARA LA META MEJORAMIENTO Y AMPLIACION DEL SERVICIO DE EDUCACIÓN SUPERIOR TECNOLÓGICA EN EL INSTITUTO SUPERIOR TECNOLÓGICO PUBLICO DE MACUSANI  DISTRITO DE MACUSANI - PROVINCIA DE CARABAYA - DEPARTAMENTO DE PUNO"|"SIE-SIE-38-2024-OEC/GR PUNO-1"|"Bien"|"---"|""|"07/03/2024 16:02:00"|"08/03/2024 00:01:00"|"14/03/2024 23:59:00"|"08/03/2024 00:01:00"|null|"8d5fa469-ada3-4d57-ac09-8ca0de691d9c"|"1"|"CEMENTO PORTLAND TIPO IP"|"340000"|"Kilogramo"|"Soles"|"1.00"|"---"|"ITEM"
"GOBIERNO REGIONAL DE PUNO SEDE CENTRAL"|"Adjudicación Simplificada"|"Sin Modalidad"|"24"|"2024"|"OEC/GR PUNO"|"SERVICIO DE ALQUILER DE CAMION CISTERNA SEGUN TERMINOS DE REFERENCIA PARA LA META MEJORAMIENTO DE LA CARRETERA PU 146; EMP PE - 34 I (HUANCANÉ) - HUERTAPATA - VISCACHANI - QUELLAHUYO - EMP PE - 34 (CACUÑA),  DISTRITO DE HUANCANE - PROVINCIA DE HUANCANE - DEPARTAMENTO DE PUNO"|"AS-SM-24-2024-OEC/GR PUNO-1"|"Servicio"|"---"|""|"07/03/2024 18:12:00"|"08/03/2024 00:01:00"|"14/03/2024 23:59:00"|"15/03/2024 00:01:00"|null|"99896fe8-9515-4ef6-be7a-7ebbfb4b2d9f"|"1"|"ALQUILER CAMION CISTERNA"|"1"|"Servicio"|"Soles"|"1.00"|"---"|"ITEM"
"GOBIERNO REGIONAL DE PUNO SEDE CENTRAL"|"Subasta Inversa Electrónica"|"Subasta Inversa Electrónica"|"37"|"2024"|"OEC/GR PUNO"|"ADQUISICION DE BARRAS PARA CONSTRUCCION GRADO 60 SEGUN ESPECIFICACIONES TECNICAS PARA LA META MEJORAMIENTO Y AMPLIACION DEL SERVICIO DE EDUCACIÓN SUPERIOR TECNOLÓGICA EN EL INSTITUTO SUPERIOR TECNOLÓGICO PUBLICO DE MACUSANI  DISTRITO DE MACUSANI - PROVINCIA DE CARABAYA - DEPARTAMENTO DE PUNO"|"SIE-SIE-37-2024-OEC/GR PUNO-1"|"Bien"|"---"|""|"07/03/2024 18:19:00"|"08/03/2024 00:01:00"|"14/03/2024 23:59:00"|"08/03/2024 00:01:00"|null|"cdd12387-2d07-42bd-8002-f6e6ece96449"|"1"|"ADQUISICIÓN DE BARRAS PARA CONSTRUCCIÓN GRADO 60 SEGÚN ESPECIFICACIONES TÉCNICAS PARA LA META: ¿MEJORAMIENTO Y AMPLIACION DEL SERVICIO DE EDUCACIÓN SUPERIOR TECNOLÓGICA EN EL INSTITUTO SUPERIOR TECNOLÓGICO PUBLICO DE MACUSANI DISTRITO DE MACUSANI - P"|"2"|" "|"Soles"|"1.00"|"---"|"PAQUETE"
"GOBIERNO REGIONAL DE PUNO SEDE CENTRAL"|"Adjudicación Simplificada"|"Sin Modalidad"|"21"|"2024"|"OEC/GR PUNO"|"SERVICIO DE PERFORACION Y VOLADURA DE ROCA FIJA Y SUELTA A TODO COSTO SEGUN TERMINOS DE REFERENCIA PARA LA META  MEJORAMIENTO DE LA DEFENSA RIBEREÑA EN LAS MARGENES DERECHA E IZQUIERDA DEL RIO RAMIS EN LOS TRAMOS DE SACASCO, COLLANA, CHACAMARCA, PATASCACHI, YANAOCO, TUNI GRANDE, RAMIS Y BALSAPATA DE LAS PROVINCIAS DE HUANCANE Y AZANGARO - REGION PUNO"|"AS-SM-21-2024-OEC/GR PUNO-1"|"Servicio"|"---"|""|"07/03/2024 18:27:00"|"08/03/2024 00:01:00"|"14/03/2024 23:59:00"|"15/03/2024 00:01:00"|null|"dcd4318e-6d91-44b5-93b7-22f3497bfec4"|"1"|"SERVICIO DE PERFORACION Y VOLADURA DE ROCA"|"9000"|"M3"|"Soles"|"1.00"|"---"|"ITEM"
"GOBIERNO REGIONAL DE PUNO SEDE CENTRAL"|"Adjudicación Simplificada"|"Sin Modalidad"|"23"|"2024"|"OEC/GR-PUNO"|"ADQUISICION DE TRANSFORMADOR TRIFASICO Y TRANSFORMADOR COMBINADO SEGUN ESPECIFICACIONES TECNICAS PARA LA META MEJORAMIENTO DEL SERVICIO EDUCATIVO DE LAS CARRERAS DE CONTABILIDAD, ENFERMERÍA TÉCNICA, COMPUTACIÓN E INFORMÁTICA, INDUSTRIA ALIMENTARIA Y PRODUCCIÓN AGROPECUARIA DEL ISEPA, PROVINCIA DE MELGAR - PUNO"|"AS-SM-23-2024-OEC/GR-PUNO-1"|"Bien"|"---"|""|"07/03/2024 18:50:00"|"08/03/2024 00:01:00"|"14/03/2024 23:59:00"|"15/03/2024 00:01:00"|null|"fc559365-d68c-4dd1-b0d1-a1513fd6ccd7"|"1"|"TRANSFORMADOR TRIFASICO TIPO SECO INCLUYE CELDA DE TRANSFORMACION y TRANSFORMADOR COMBINADO DE TENSION Y CORRIENTE INCLUYE ACCESORIOS DE SUJECION"|"1"|" "|"Soles"|"1.00"|"---"|"PAQUETE"
"GOBIERNO REGIONAL DE PUNO SEDE CENTRAL"|"Subasta Inversa Electrónica"|"Subasta Inversa Electrónica"|"39"|"2024"|"OEC/GR-PUNO"|"ADQUISICION DE CEMENTO PORTLAND TIPO IP SEGUN ESPECIFICACIONES TECNICAS PARA LA META MEJORAMIENTO DE LOS SERVICIOS DE SALUD DEL HOSPITAL DE APOYO ILAVE, PROVINCIA DE EL COLLAO - REGION PUNO"|"SIE-SIE-39-2024-OEC/GR-PUNO-1"|"Bien"|"---"|""|"07/03/2024 18:54:00"|"08/03/2024 00:01:00"|"14/03/2024 23:59:00"|"08/03/2024 00:01:00"|null|"d9fde2c0-2aea-4a1b-8f47-b3bc56c813e7"|"1"|"CEMENTO PORTLAND TIPO IP"|"159375"|"Kilogramo"|"Soles"|"1.00"|"---"|"ITEM"
"GOBIERNO REGIONAL DE PUNO SEDE CENTRAL"|"Adjudicación Simplificada"|"Sin Modalidad"|"25"|"2024"|"OEC/GR-PUNO"|"SERVICIO DE ALQUILER DE MOTONIVELADORA SEGUN TERMINOS DE REFERENCIA PARA LA META MEJORAMIENTO DE LA CARRETERA PU N-110: EMP. PE-34I ASIRUNI - ROSASPATA - HUAYRAPATA - EMP. PE-34I NINANTAYA, DISTRITOS DE VILQUECHICO-ROSASPATA-MOHO-HUAYRAPATA, PROVINCIA DE HUANCANÉ Y MOHO - PUNO"|"AS-SM-25-2024-OEC/GR-PUNO-1"|"Servicio"|"---"|""|"07/03/2024 19:29:00"|"08/03/2024 00:01:00"|"17/03/2024 23:59:00"|"18/03/2024 00:01:00"|null|"d09b0892-7968-44e1-b69c-e7ba7c7f627f"|"1"|"ALQUILER DE MOTONIVELADORA"|"1"|"Servicio"|"Soles"|"1.00"|"---"|"ITEM"
"GOBIERNO REGIONAL DE PUNO SEDE CENTRAL"|"Adjudicación Simplificada"|"Sin Modalidad"|"19"|"2024"|"OEC/GR PUNO"|"SERVICIO DE ALQUILER DE RODILLO LISO VIBRATORIO AUTOPROPULSADO SEGUN TERMINOS DE REFERENCIA PARA LA META MEJORAMIENTO DEL CAMINO VECINAL (EMP. PE 3S) HUAQUINA ZAPIJICANE - PTO JULI - CHUCASUYO DEL DISTRITO DE JULI - PROVINCIA DE CHUCUITO - DEPARTAMENTO DE PUNO"|"AS-SM-19-2024-OEC/GR PUNO-1"|"Servicio"|"---"|""|"07/03/2024 20:19:00"|"08/03/2024 00:01:00"|"14/03/2024 23:59:00"|"15/03/2024 00:01:00"|null|"c0049899-6c39-44c1-abc4-5c598975c179"|"1"|"RODILLO LISO VIBRATORIO AUTOPROPULSADO"|"1000"|"Servicio"|"Soles"|"1.00"|"---"|"ITEM"
"GOBIERNO REGIONAL DE PUNO SEDE CENTRAL"|"Adjudicación Simplificada"|"Sin Modalidad"|"20"|"2024"|"OEC/GR PUNO"|"ADQUISICION DE HORNO A GAS SEGUN ESPECIFICACIONES TECNICAS PARA LA META MEJORAMIENTO DE LA CAPACIDAD Y COMPETITIVIDAD PRODUCTIVA DE CERAMICAS DEL TORITO DE PUCARA TRADICIONAL E INNOVADA EN LA ASOCIACION DE ARTESANOS CERAMICA INNOVA PUCARA DISTRITO DE PUCARA PROVINCIA DE LAMPA REGION PUNO"|"AS-SM-20-2024-OEC/GR PUNO-1"|"Bien"|"---"|""|"07/03/2024 20:39:00"|"08/03/2024 00:01:00"|"17/03/2024 23:59:00"|"18/03/2024 00:01:00"|null|"2cec6e59-0653-4c28-81bd-26fd23cbca63"|"1"|"HORNO A GAS"|"12"|"Unidad"|"Soles"|"1.00"|"---"|"ITEM"
"GOBIERNO REGIONAL DE PUNO SEDE CENTRAL"|"Subasta Inversa Electrónica"|"Subasta Inversa Electrónica"|"40"|"2024"|"OEC/GR PUNO"|"ADQUISICION DE SUMINISTRO DE DIESEL B5 S50 SEGUN ESPECIFICACIONES TECNICAS PARA LA META MEJORAMIENTO DE LAS CAPACIDADES PARA LA PRODUCTIVIDAD Y LA COMPETITIVIDAD DE ARTESANÍAS EN 13 PROVINCIAS DEL DEPARTAMENTO DE PUNO"|"SIE-SIE-40-2024-OEC/GR PUNO-1"|"Bien"|"---"|""|"08/03/2024 12:56:00"|"11/03/2024 00:01:00"|"18/03/2024 23:59:00"|"11/03/2024 00:01:00"|null|"9d7856c6-586e-421b-b4f7-792309c696a5"|"1"|"DIESEL B5 S-50"|"2500"|"Galon"|"Soles"|"1.00"|"---"|"ITEM"
"GOBIERNO REGIONAL DE PUNO SEDE CENTRAL"|"Subasta Inversa Electrónica"|"Subasta Inversa Electrónica"|"41"|"2024"|"OEC/GR-PUNO"|"ADQUISICION DE CONCRETO PREMEZCLADO SEGUN ESPECIFICACIONES TECNICAS PARA LA META MEJORAMIENTO Y AMPLIACION DEL SERVICIO DE EDUCACIÓN SUPERIOR TECNOLÓGICA EN EL INSTITUTO SUPERIOR TECNOLÓGICO PUBLICO DE MACUSANI  DISTRITO DE MACUSANI - PROVINCIA DE CARABAYA - DEPARTAMENTO DE PUNO"|"SIE-SIE-41-2024-OEC/GR-PUNO-1"|"Bien"|"---"|""|"11/03/2024 16:25:00"|"12/03/2024 00:01:00"|"21/03/2024 23:59:00"|"12/03/2024 00:01:00"|null|"049daa19-56ed-41ea-ac76-47c7ec65dff2"|"1"|"CONCRETO PREMEZCLADO 210 KG/CM2"|"800"|"M3"|"Soles"|"1.00"|"---"|"ITEM"
"GOBIERNO REGIONAL DE PUNO SEDE CENTRAL"|"Adjudicación Simplificada"|"Sin Modalidad"|"27"|"2024"|"OEC/GR-PUNO"|"SERVICIO DE ALQUILER DE CARGADOR FRONTAL SOBRE LLANTAS SEGUN TERMINOS DE REFERENCIA PARA LA META MEJORAMIENTO DE LA CARRETERA PU 146; EMP PE - 34 I (HUANCANÉ) - HUERTAPATA - VISCACHANI - QUELLAHUYO - EMP PE - 34 (CACUÑA),  DISTRITO DE HUANCANE - PROVINCIA DE HUANCANE - DEPARTAMENTO DE PUNO"|"AS-SM-27-2024-OEC/GR-PUNO-1"|"Servicio"|"---"|""|"11/03/2024 19:40:00"|"12/03/2024 00:01:00"|"19/03/2024 23:59:00"|"20/03/2024 00:01:00"|null|"d4d1eb83-91c7-4cb2-bfd7-9d1e7f622164"|"1"|"ALQUILER DE CARGADOR FRONTAL"|"1"|"Servicio"|"Soles"|"1.00"|"---"|"ITEM"
"GOBIERNO REGIONAL DE PUNO SEDE CENTRAL"|"Adjudicación Simplificada"|"Sin Modalidad"|"16"|"2024"|"OEC/GR PUNO"|"SERVICIO DE ALQUILER DE RODILLO LISO VIBRATORIO SEGUN TERMINOS DE REFERENCIA PARA LA META  MEJORAMIENTO DE LA CARRETERA PU 146; EMP PE - 34 I (HUANCANÉ) - HUERTAPATA - VISCACHANI - QUELLAHUYO - EMP PE - 34 (CACUÑA),  DISTRITO DE HUANCANE - PROVINCIA DE HUANCANE - DEPARTAMENTO DE PUNO"|"AS-SM-16-2024-OEC/GR PUNO-1"|"Servicio"|"---"|""|"11/03/2024 22:11:00"|"12/03/2024 00:01:00"|"18/03/2024 23:59:00"|"19/03/2024 00:01:00"|null|"e7a721f0-fd3e-4c9c-9dfd-9765d3cdfb5a"|"1"|"ALQUILER DE RODILLO LISO VIBRATORIO"|"1"|"Servicio"|"Soles"|"1.00"|"---"|"ITEM"
"GOBIERNO REGIONAL DE PUNO SEDE CENTRAL"|"Subasta Inversa Electrónica"|"Subasta Inversa Electrónica"|"42"|"2024"|"OEC/GR-PUNO"|"ADQUISICION DE SUMINISTRO DE CEMENTO PORTLAND TIPO IP SEGUN ESPECIFICACIONES TECNICAS PARA LA META MEJORAMIENTO DE LA CARRETERA (PU 675) POMATA - YOROHOCO, PROVINCIA DE CHUCUITO - PUNO"|"SIE-SIE-42-2024-OEC/GR-PUNO-1"|"Bien"|"---"|""|"12/03/2024 16:47:00"|"13/03/2024 00:01:00"|"19/03/2024 23:59:00"|"13/03/2024 00:01:00"|null|"70dcaaf3-a6f8-459a-86b8-6ce06394cf65"|"1"|"CEMENTO PORTLAND TIPO IP"|"510000"|"Kilogramo"|"Soles"|"1.00"|"---"|"ITEM"
"GOBIERNO REGIONAL DE PUNO SEDE CENTRAL"|"Adjudicación Simplificada"|"Sin Modalidad"|"30"|"2024"|"OEC/GR PUNO"|"SERVICIO DE PINTADO DE MARCAS Y INSTALACION DE SEÑALES PREVENTIVAS , GUARDAVIAS , TACHAS , POSTES DELINEADORES SEGUN TERMINOS DE REFERENCIA PARA LA META  MEJORAMIENTO DE LA CARRETERA CALACOTA - SANTA ROSA DE HUAYLLATA (RUTA R-11) DISTRITO DE ILAVE PROVINCIA DE EL COLLAO - PUNO"|"AS-SM-30-2024-OEC/GR PUNO-1"|"Servicio"|"---"|""|"12/03/2024 17:14:00"|"13/03/2024 00:01:00"|"19/03/2024 23:59:00"|"20/03/2024 00:01:00"|null|"f52d1da6-fb91-4944-8cb4-9ec4b713975f"|"1"|"SERVICIO DE PINTADO DE MARCAS Y INSTALACIÓN DE SEÑALES PREVENTIVAS, GUARDAVIAS, TACHAS, POSTES DELINEADORES SEGÚN TÉRMINOS DE REFERENCIA PARA LA META MEJORAMIENTO DE LA CARRETERA CALACOTA ¿ SANTA ROSA DE HUAYLLATA (RUTA R-11) DISTRITO DE ILAVE PROVIN"|"10"|" "|"Soles"|"1.00"|"---"|"PAQUETE"
"GOBIERNO REGIONAL DE PUNO SEDE CENTRAL"|"Subasta Inversa Electrónica"|"Subasta Inversa Electrónica"|"45"|"2024"|"OEC/GR-PUNO"|"ADQUISICION DE SUMINISTRO DE CEMENTO PORTLAND TIPO IP SEGUN ESPECIFICACIONES TECNICAS PARA LA META MEJORAMIENTO DE LA CARRETERA PU 147, EMP. PE-34I JIPATA - EMP. PE-34I MOHO,  DISTRITO DE MOHO - PROVINCIA DE MOHO - DEPARTAMENTO DE PUNO"|"SIE-SIE-45-2024-OEC/GR-PUNO-1"|"Bien"|"---"|""|"12/03/2024 18:00:00"|"13/03/2024 00:01:00"|"22/03/2024 23:59:00"|"13/03/2024 00:01:00"|null|"946e90d5-a189-4893-b79a-24043d9b0eb2"|"1"|"CEMENTO PORTLAND TIPO IP"|"2125000"|"Kilogramo"|"Soles"|"1.00"|"---"|"ITEM"
"GOBIERNO REGIONAL DE PUNO SEDE CENTRAL"|"Subasta Inversa Electrónica"|"Subasta Inversa Electrónica"|"43"|"2024"|"OEC/GR PUNO"|"ADQUISICION DE SUMINISTRO DE DIESEL B5 S50 SEGUN ESPECIFICACIONES TECNICAS PARA LA META CONSTRUCCION Y MEJORAMIENTO DE LA CARRETERA DESVIO VILQUECHICO-COJATA-SINA-YANAHUAYA TRAMO III ( SINA YANAHUAYA ) SUB TRAMO 002 KM 31 + 200 - 48 + 800"|"SIE-SIE-43-2024-OEC/GR PUNO-1"|"Bien"|"---"|""|"12/03/2024 18:22:00"|"13/03/2024 00:01:00"|"19/03/2024 23:59:00"|"13/03/2024 00:01:00"|null|"57e8cfbc-c0d9-49ce-844b-e2d644fd19bb"|"1"|"DIESEL B5 S50"|"18000"|"Galon"|"Soles"|"1.00"|"---"|"ITEM"
"GOBIERNO REGIONAL DE PUNO SEDE CENTRAL"|"Adjudicación Simplificada"|"Sin Modalidad"|"29"|"2024"|"OEC/GR-PUNO"|"SERVICIO DE ALQUILER DE CAMION VOLQUETE 15 M3 SEGUN TERMINOS DE REFERENCIA PARA LA META CONSTRUCCION Y MEJORAMIENTO DE LA CARRETERA DESVIO VILQUECHICO-COJATA-SINA-YANAHUAYA TRAMO III ( SINA YANAHUAYA ) SUB TRAMO 002 KM 31 + 200 - 48 + 800"|"AS-SM-29-2024-OEC/GR-PUNO-1"|"Servicio"|"---"|""|"12/03/2024 18:31:00"|"13/03/2024 00:01:00"|"19/03/2024 23:59:00"|"20/03/2024 00:01:00"|null|"071d09f7-0512-499d-b85d-70d0aae43a53"|"1"|"ALQUILER DE CAMION VOLQUETE"|"1"|"Servicio"|"Soles"|"1.00"|"---"|"ITEM"
"GOBIERNO REGIONAL DE PUNO SEDE CENTRAL"|"Subasta Inversa Electrónica"|"Subasta Inversa Electrónica"|"47"|"2024"|"OEC/GR PUNO"|"ADQUISICION DE ASFALTO LIQUIDO CUT BACK MC 30 SEGUN ESPECIFICACIONES TECNICAS PARA LA META  MEJORAMIENTO DE LA CARRETERA (PU 675) POMATA - YOROHOCO, PROVINCIA DE CHUCUITO - PUNO"|"SIE-SIE-47-2024-OEC/GR PUNO-1"|"Bien"|"---"|""|"12/03/2024 18:53:00"|"13/03/2024 00:01:00"|"21/03/2024 23:59:00"|"13/03/2024 00:01:00"|null|"e7bd7af7-aecb-45f1-b3d2-bf43d8879ab2"|"1"|"ASFALTO LIQUIDO CUT BACK MC 30"|"44352"|"Galon"|"Soles"|"1.00"|"---"|"ITEM"
"GOBIERNO REGIONAL DE PUNO SEDE CENTRAL"|"Adjudicación Simplificada"|"Sin Modalidad"|"28"|"2024"|"OEC/GR-PUNO"|"SERVICIO DE ALQUILER DE CAMION VOLQUETE SEGUN TERMINOS DE REFERENCIA PARA LA META MEJORAMIENTO DE LA CARRETERA PU N-110: EMP. PE-34I ASIRUNI - ROSASPATA - HUAYRAPATA - EMP. PE-34I NINANTAYA, DISTRITOS DE VILQUECHICO-ROSASPATA-MOHO-HUAYRAPATA, PROVINCIA DE HUANCANÉ Y MOHO - PUNO"|"AS-SM-28-2024-OEC/GR-PUNO-1"|"Servicio"|"---"|""|"12/03/2024 19:03:00"|"13/03/2024 00:01:00"|"19/03/2024 23:59:00"|"20/03/2024 00:01:00"|null|"75e75a2d-b95a-4117-b9f9-e2ab77179421"|"1"|"ALQUILER DE CAMION VOLQUETE"|"1"|"Servicio"|"Soles"|"1.00"|"---"|"ITEM"
"GOBIERNO REGIONAL DE PUNO SEDE CENTRAL"|"Subasta Inversa Electrónica"|"Subasta Inversa Electrónica"|"46"|"2024"|"OEC/GR PUNO"|"ADQUISICION DE CEMENTO PORTLAND TIPO IP SEGUN ESPECIFICACIONES TECNICAS PARA LA META MEJORAMIENTO DEL SERVICIO EDUCATIVO DE LAS CARRERAS DE PRODUCCIÓN, AUTOMOTRIZ, MINERÍA, CONTABILIDAD, COMPUTACIÓN,  SECRETARIADO, ENFERMERÍA, LABORATORIO CLÍNICO Y PRÓTESIS DENTAL DEL IST MANUEL NÚÑEZ  BUTRÓN, JULIACA, SAN ROMÁN - PUNO"|"SIE-SIE-46-2024-OEC/GR PUNO-1"|"Bien"|"---"|""|"12/03/2024 21:00:00"|"13/03/2024 00:01:00"|"19/03/2024 23:59:00"|"13/03/2024 00:01:00"|null|"518ba953-2ae5-4662-9d81-66945bd6a637"|"1"|"CEMENTO PORTLAND PUZOLANICO TIPO IP X 42.50 kg"|"191250"|"Kilogramo"|"Soles"|"1.00"|"---"|"ITEM"
"GOBIERNO REGIONAL DE PUNO SEDE CENTRAL"|"Subasta Inversa Electrónica"|"Subasta Inversa Electrónica"|"48"|"2024"|"OEC/GR PUNO"|"ADQUISICION DE AGREGADOS HORMIGON , AGREGADO GRUESO Y ARENA GRUESA  PARA CONCRETO SEGUN ESPECIFICACIONES TECNICAS PARA LA META  MEJORAMIENTO DEL SERVICIO EDUCATIVO DE LAS CARRERAS DE CONTABILIDAD, ENFERMERÍA TÉCNICA, COMPUTACIÓN E INFORMÁTICA, INDUSTRIA ALIMENTARIA Y PRODUCCIÓN AGROPECUARIA DEL ISEPA, PROVINCIA DE MELGAR - PUNO"|"SIE-SIE-48-2024-OEC/GR PUNO-1"|"Bien"|"---"|""|"12/03/2024 21:55:00"|"13/03/2024 00:01:00"|"19/03/2024 23:59:00"|"13/03/2024 00:01:00"|null|"3019ddd5-4ae1-4c1d-9f06-96344ae74f5a"|"1"|"AGREGADOS: HORMIGON, AGREGADO GRUESO DE 3/4 PARA CONCRETO Y ARENA GRUESA PARA CONCRETO."|"1"|" "|"Soles"|"1.00"|"---"|"PAQUETE"
"GOBIERNO REGIONAL DE PUNO SEDE CENTRAL"|"Subasta Inversa Electrónica"|"Subasta Inversa Electrónica"|"49"|"2024"|"OEC/GR PUNO"|"ADQUISICION DE ASFALTO LIQUIDO CUT BACK MC -30 SEGUN ESPECIFICACIONES TECNICAS PARA LA META MEJORAMIENTO DE LA CARRETERA DV. DESAGUADERO (EMP PE 36A) - KELLUYO - PISACOMA, PROVINCIA DE CHUCUITO - PUNO"|"SIE-SIE-49-2024-OEC/GR PUNO-1"|"Bien"|"---"|""|"13/03/2024 11:34:00"|"14/03/2024 00:01:00"|"20/03/2024 23:59:00"|"14/03/2024 00:01:00"|null|"f86983fd-85b3-4b99-9dbc-e1a856bb9452"|"1"|"ASFALTO LIQUIDO CUT BACK MC 30"|"3000"|"Galon"|"Soles"|"1.00"|"---"|"ITEM"
"GOBIERNO REGIONAL DE PUNO SEDE CENTRAL"|"Subasta Inversa Electrónica"|"Subasta Inversa Electrónica"|"50"|"2024"|"OEC/GR PUNO"|"ADQUISICION DE SUMINISTRO DE CEMENTO PORTLAND TIPO IP SEGUN ESPECIFICACIONES TECNICAS PARA LA META  MEJORAMIENTO DE LA AVENIDA CIRCUNVALACIÓN II (EMP. PE- 3S-AV. HUANCANE-CIRCUNVALACION ESTE-EMP PE-3S) DE LA CIUDAD DE JULIACA-  EMPALME PU-3S INICIO CON CIRCUNVALACION II - DISTRITO DE SAN MIGUEL - EMPALME PU-3S FINAL CON CIRCUNVALACION II - DISTRITO DE CARACOTO - PROVINCIA DE SAN ROMAN - REGIÓN PUNO"|"SIE-SIE-50-2024-OEC/GR PUNO-1"|"Bien"|"---"|""|"13/03/2024 19:58:00"|"14/03/2024 00:01:00"|"22/03/2024 23:59:00"|"14/03/2024 00:01:00"|null|"255bd3ef-eed5-4e16-b719-13e918389713"|"1"|"CEMENTO PORTLAND TIPO IP"|"1721250"|"Kilogramo"|"Soles"|"1.00"|"---"|"ITEM"
"GOBIERNO REGIONAL DE PUNO SEDE CENTRAL"|"Adjudicación Simplificada"|"Sin Modalidad"|"32"|"2024"|"OEC/GR PUNO"|"SERVICIO DE ALQUILER DE CAMION CISTERNA SEGUN TERMINOS DE REFERENCIA  PARA LA META CREACION DE LA INFRAESTRUCTURA DE INTEGRACION VIAL ENTRE SANDIA (CP. QUENEQUE) Y PATAMBUCO (C.P. TIRACA), DISTRITO DE SANDIA Y PATAMBUCO, PROVINCIA DE SANDIA - PUNO"|"AS-SM-32-2024-OEC/GR PUNO-1"|"Servicio"|"---"|""|"13/03/2024 20:30:00"|"14/03/2024 00:01:00"|"24/03/2024 23:59:00"|"25/03/2024 00:01:00"|null|"d2e5e790-c748-4617-91b3-e5094300bfe4"|"1"|"ALQUILER DE CAMION CISTERNA"|"1"|"Servicio"|"Soles"|"1.00"|"---"|"ITEM"
"GOBIERNO REGIONAL DE PUNO SEDE CENTRAL"|"Concurso Público"|"Sin Modalidad"|"4"|"2024"|"OEC/GR PUNO"|"SERVICIO DE ALQUILER DE CAMION VOLQUETE  SEGUN TERMINOS DE REFERENCIA PARA LA META MEJORAMIENTO DE LA CARRETERA PU 146; EMP PE - 34 I (HUANCANÉ) - HUERTAPATA - VISCACHANI - QUELLAHUYO - EMP PE - 34 (CACUÑA), DISTRITO DE HUANCANE - PROVINCIA DE HUANCANE - DEPARTAMENTO DE PUNO"|"CP-SM-4-2024-OEC/GR PUNO-1"|"Servicio"|"---"|""|"13/03/2024 21:14:00"|"14/03/2024 00:01:00"|"15/04/2024 23:59:00"|"16/04/2024 00:01:00"|null|"46864122-eac8-499f-a83e-98780d2c8d02"|"1"|"SERVICIO DE ALQUILER DE CAMION VOLQUETE SEGUN TERMINOS DE REFERENCIA"|"1"|"Servicio"|"Soles"|"1.00"|"---"|"ITEM"
"GOBIERNO REGIONAL DE PUNO SEDE CENTRAL"|"Licitación Pública"|"Sin Modalidad"|"1"|"2024"|"CS/GR PUNO"|"CONTRATACION DE LA EJECUCION DE OBRA MEJORAMIENTO DE LOS SERVICIOS DE SALUD DEL HOSPITAL RAFAEL ORTIZ RAVINES DE JULI, PROVINCIA DE CHUCUITO - REGION PUNO"|"LP-SM-1-2024-CS/GR PUNO-1"|"Obra"|"170074200.69"|"Soles"|"23/02/2024 19:16:00"|"24/02/2024 00:01:00"|"25/03/2024 23:59:00"|"26/03/2024 00:01:00"|null|"9a0a1cd2-b95e-48a1-9156-3dc6147a20aa"|"1"|"EJECUCION DE OBRA MEJORAMIENTO DE LOS SERVICIOS DE SALUD DEL HOSPITAL RAFAEL ORTIZ RAVINES DE JULI, PROVINCIA DE CHUCUITO - REGION PUNO"|"1"|"Servicio"|"Soles"|"1.00"|"170074200.69"|"ITEM"
"GOBIERNO REGIONAL DE PUNO SEDE CENTRAL"|"Licitación Pública"|"Sin Modalidad"|"2"|"2024"|"CS/GR PUNO"|"ADQUISICION DE MOTOCARGAS SEGUN ESPECIFICACIONES TECNICAS PARA LA META  MEJORAMIENTO DE LOS SERVICIOS DE APOYO A LA GESTIÓN DE LAS MUNICIPALIDADES DE  LOS CENTROS POBLADOS EN 13 PROVINCIAS DEL DEPARTAMENTO DE PUNO"|"LP-SM-2-2024-CS/GR PUNO-1"|"Bien"|"---"|""|"26/02/2024 10:35:00"|"27/02/2024 00:01:00"|"26/03/2024 23:59:00"|"27/03/2024 00:01:00"|null|"2fab41c2-a3cf-4802-a737-d1cfb47e17b0"|"1"|"MOTOCARGAS"|"362"|"Unidad"|"Soles"|"1.00"|"---"|"ITEM"
"GOBIERNO REGIONAL DE PUNO SEDE CENTRAL"|"Concurso Público"|"Sin Modalidad"|"1"|"2024"|"CS/GR PUNO"|"SERVICIO DE ALQUILER DE CAMION VOLQUETE SEGUN TERMINOS DE REFERENCIA PARA LA META  MEJORAMIENTO DE LA CARRETERA (EMP 34B) AZANGARO - (EMP PU-102) JILA PURINA DE LOS DISTRITO DE AZÁNGARO - DISTRITO DE TIRAPATA - PROVINCIA DE AZANGARO - REGIÓN PUNO"|"CP-SM-1-2024-CS/GR PUNO-1"|"Servicio"|"---"|""|"27/02/2024 19:25:00"|"28/02/2024 00:01:00"|"31/03/2024 23:59:00"|"01/04/2024 00:01:00"|null|"21806afb-b70f-4f1b-989d-b4d7cfe47439"|"1"|"ALQUILER DE CAMION CAMION VOLQUETE"|"15000"|"Servicio"|"Soles"|"1.00"|"---"|"ITEM"
"GOBIERNO REGIONAL DE PUNO SEDE CENTRAL"|"Concurso Público"|"Sin Modalidad"|"2"|"2024"|"CS/GR PUNO"|"CONTRATACION DEL SERVICIO DE ALQUILER DE MOTONIVELADORA SEGUN TERMINOS DE REFERENCIA PARA LA META MEJORAMIENTO DE LA CARRETERA (EMP 34B) AZANGARO - (EMP PU-102) JILA PURINA DE LOS DISTRITO DE AZÁNGARO - DISTRITO DE TIRAPATA - PROVINCIA DE AZANGARO - REGIÓN PUNO."|"CP-SM-2-2024-CS/GR PUNO-1"|"Servicio"|"---"|""|"27/02/2024 19:32:00"|"28/02/2024 00:01:00"|"31/03/2024 23:59:00"|"01/04/2024 00:01:00"|null|"3caf7e83-f02c-4905-ad39-fa9f6e287bf0"|"1"|"SERVICIO DE ALQUILER DE MOTONIVELADORA SEGUN TERMINOS DE REFERENCIA."|"1"|"Servicio"|"Soles"|"1.00"|"---"|"ITEM"
"GOBIERNO REGIONAL DE PUNO-AGRICULTURA"|"Adjudicación Simplificada"|"Sin Modalidad"|"3"|"2024"|"DRAP/CS"|"CONTRATACIÓN DE BIENES CONSISTENTE EN LA ADQUISICION DE PLASTICO DOBLE ANCHO AGROFILM PARA EL PROYECTO: ""MEJORAMIENTO DE CAPACIDADES PRODUCTIVAS PARA PROMOVER LA SEGURIDAD ALIMENTARIA EN LA REACTIVACIÓN ECONÓMICA DE LAS 13 PROVINCIAS DEL DEPARTAMENTO DE PUNO"", SEGÚN ESPECIFICACIONES TÉCNICAS."|"AS-SM-3-2024-DRAP/CS-1"|"Bien"|"---"|""|"07/03/2024 23:53:00"|"08/03/2024 00:01:00"|"14/03/2024 23:59:00"|"15/03/2024 00:01:00"|null|"129061c4-9c0e-4ebb-bec4-a1d32a963775"|"1"|"PLASTICO DOBLE ANCHO AGROFILM CALIBRE 10 DE 6.0 METROS DE ANCHO"|"16380"|"Metro"|"Soles"|"1.00"|"---"|"ITEM"
"GOBIERNO REGIONAL DE PUNO-DIRECCION REGIONAL DE PRODUCE"|"Adjudicación Simplificada"|"Sin Modalidad"|"1"|"2024"|"DIREPRO/GR/OEC"|"SERVICIO DE INSTALACION DE MURO CORTINA, AUTOPORTANTE DE ALUMINIO CON SISTEMA PROYECTANTE CON VIDRIO LAMINADO REFLECTANTE INCLUYE SUMINISTRO E INSTALACION"|"AS-SM-1-2024-DIREPRO/GR/OEC-1"|"Servicio"|"---"|""|"06/03/2024 17:27:00"|"07/03/2024 00:01:00"|"13/03/2024 23:59:00"|"14/03/2024 00:01:00"|null|"734b6267-45e0-401b-ab92-79255f9d06d4"|"1"|"SERVICIO DE INSTALACION DE MURO CORTINA, AUTOPORTANTE DE ALUMINIO CON SISTEMA PROYECTANTE CON VIDRIO LAMINADO REFLECTANTE INCLUYE SUMINISTRO E INSTALACION"|"1"|"Servicio"|"Soles"|"1.00"|"---"|"ITEM"
"GOBIERNO REGIONAL DE PUNO-EDUCACION ADE SAN ROMAN"|"Concurso Público"|"Sin Modalidad"|"1"|"2024"|"UGEL SAN ROMAN."|"¿CONTRATACION DE SERVICIO DE CONEXIÓN DE INTERNET FIJO A TODO COSTO DE BANDA ANCHA PARA 60 LOCALES EDUCATIVOS FOCALIZADOS DEL AMBITO DE LA UGEL SAN ROMAN"""|"CP-SM-1-2024-UGEL SAN ROMAN.-1"|"Servicio"|"---"|""|"28/02/2024 15:39:00"|"29/02/2024 00:01:00"|"01/04/2024 23:59:00"|"02/04/2024 00:01:00"|null|"8055a805-4add-47e3-a5a3-83d76ae3ce71"|"1"|"CONTRATACIÓN DE SERVICIOS DE CONEXIÓN DE INTERNET FIJO A TODO COSTO DE BANDA ANCHA PARA LOCALES EDUCATIVOS FOCALIZADOS DEL ÁMBITO DE LA UGEL SAN ROMAN"|"1"|"Servicio"|"Soles"|"1.00"|"---"|"ITEM"
"GOBIERNO REGIONAL DE PUNO-EDUCACIÓN YUNGUYO"|"Adjudicación Simplificada"|"Sin Modalidad"|"1"|"2024"|"UGEL Y"|"SERVICIO DE INTERNET"|"AS-SM-1-2024-UGEL Y-1"|"Servicio"|"---"|""|"12/03/2024 12:05:00"|"13/03/2024 00:01:00"|"25/03/2024 23:59:00"|"26/03/2024 00:01:00"|null|"5cce829b-93d7-41e3-99f9-3a8bc6232cee"|"1"|"SERVICIO DE INTERNET"|"1"|"Servicio"|"Soles"|"1.00"|"---"|"ITEM"
"GOBIERNO REGIONAL DE PUNO-PROGRAMA REGIONAL DE RIEGO Y DRENAJE"|"Subasta Inversa Electrónica"|"Subasta Inversa Electrónica"|"3"|"2024"|"PRORRIDRE/CSP"|"ADQUISICION DE CEMENTO PORTLAND TIPO IP  X 42.5 KG, SEGÚN ESPECIFICACIONES TECNICAS PARA LA OBRA: ""CREACION DEL SERVICIO DE AGUA PARA RIEGO TECNIFICADO EN LAS COMUNIDADES DE IPARO, ARICATO, QUENEQUE, MORORIA, CCAPUNA Y APABUCO DEL DISTRITO DE SANDIA - PROVINCIA DE SANDIA - DEPARTAMENTO DE PUNO"", CORRESPONDIENTE A LA META 11."|"SIE-SIE-3-2024-PRORRIDRE/CSP-1"|"Bien"|"---"|""|"07/03/2024 14:16:00"|"08/03/2024 00:01:00"|"14/03/2024 23:59:00"|"08/03/2024 00:01:00"|null|"acacf605-f1e3-4e40-a5bc-5b6049c74b61"|"1"|"ADQUISICION DE CEMENTO PORTLAND TIPO IP  X 42.5 KG, SEGÚN ESPECIFICACIONES TECNICAS PARA LA OBRA: ""CREACION DEL SERVICIO DE AGUA PARA RIEGO TECNIFICADO EN LAS COMUNIDADES DE IPARO, ARICATO, QUENEQUE, MORORIA, CCAPUNA Y APABUCO DEL DISTRITO DE SANDIA - PROVINCIA DE SANDIA - DEPARTAMENTO DE PUNO"", CORRESPONDIENTE A LA META 11."|"5721"|"Unidad"|"Soles"|"1.00"|"---"|"ITEM"
"GOBIERNO REGIONAL DE PUNO-PROGRAMA REGIONAL DE RIEGO Y DRENAJE"|"Subasta Inversa Electrónica"|"Subasta Inversa Electrónica"|"4"|"2024"|"PRORRIDRE/CSP"|"ADQUISICION DE PIEDRA CHANCADA DE 1/2"", SEGÚN ESPECIFICACIONES TECNICAS, PARA LA OBRA: ""CREACION DEL SERVICIO DE AGUA PARA RIEGO TECNIFICADO EN LAS COMUNIDADES DE IPARO, ARICATO, QUENEQUE, MORORIA, CCAPUNA Y APABUCO DEL DISTRITO DE SANDIA - PROVINCIA DE SANDIA - DEPARTAMENTO DE PUNO"", CORRESPONDIENTE A LA META 11."|"SIE-SIE-4-2024-PRORRIDRE/CSP-1"|"Bien"|"---"|""|"13/03/2024 16:58:00"|"14/03/2024 00:01:00"|"20/03/2024 23:59:00"|"14/03/2024 00:01:00"|null|"a7a52588-5bdf-44b3-b7a9-d7e2eb413dbc"|"1"|"ADQUISICION DE PIEDRA CHANCADA DE 1/2"", SEGÚN ESPECIFICACIONES TECNICAS, PARA LA OBRA: ""CREACION DEL SERVICIO DE AGUA PARA RIEGO TECNIFICADO EN LAS COMUNIDADES DE IPARO, ARICATO, QUENEQUE, MORORIA, CCAPUNA Y APABUCO DEL DISTRITO DE SANDIA - PROVINCIA DE SANDIA - DEPARTAMENTO DE PUNO"", CORRESPONDIENTE A LA META 11."|"305"|"M3"|"Soles"|"1.00"|"---"|"ITEM"
"GOBIERNO REGIONAL DE PUNO-SALUD PUNO"|"Subasta Inversa Electrónica"|"Subasta Inversa Electrónica"|"1"|"2024"|"RSP"|"ADQUISICIÓN DE MEDICAMENTOS PARA LOS ASEGURADOS DEL SIS. DE LOS DIFERENTES ESTABLECIMIENTOS SALUD ¿ COORDINACION SISMED. DEL AMBITO DE LA RED DE SALUD PUNO"|"SIE-SIE-1-2024-RSP-1"|"Bien"|"---"|""|"05/03/2024 15:09:00"|"06/03/2024 00:01:00"|"15/03/2024 23:59:00"|"06/03/2024 00:01:00"|null|"5ce6bd15-77c4-42df-9c6d-593f3b376ccd"|"1"|"ADQUISICIÓN DE MEDICAMENTOS PARA LOS ASEGURADOS DEL SIS. DE LOS DIFERENTES ESTABLECIMIENTOS SALUD ¿ COORDINACION SISMED. DEL AMBITO DE LA RED DE SALUD PUNO"|"100000"|" "|"Soles"|"1.00"|"---"|"PAQUETE"
"GOBIERNO REGIONAL DE PUNO-SALUD PUNO-LAMPA"|"Subasta Inversa Electrónica"|"Subasta Inversa Electrónica"|"1"|"2024"|"DIRESA PUNO"|"ADQUISICION DE DIESEL"|"SIE-SIE-1-2024-DIRESA PUNO-1"|"Bien"|"---"|""|"11/03/2024 18:47:00"|"12/03/2024 00:01:00"|"18/03/2024 23:59:00"|"12/03/2024 00:01:00"|null|"a4e89143-7074-4a56-8011-5e84adcfea36"|"1"|"ADQUISICION DE DIESEL"|"5499"|"Galon"|"Soles"|"1.00"|"---"|"ITEM"
"MUNICIPALIDAD DISTRITAL DE ACORA"|"Adjudicación Simplificada"|"Sin Modalidad"|"1"|"2024"|"MDA/OEC"|"SUMINISTRO DE LECHE EVAPORADA ENTERA DE 410 GRAMOS Y HOJUELA DE AVENA ENREQUESIDA CON VITAMINAS Y MINERALES PARA EL PROGRAMA VASO DE LECHE PARA LA MANICIPALIDAD DISTRITAL DE ACORA, DISTRITO DE ACORA, PROVINCIA DE PUNO - PUNO."|"AS-SM-1-2024-MDA/OEC-1"|"Bien"|"---"|""|"13/03/2024 20:55:00"|"14/03/2024 00:01:00"|"20/03/2024 23:59:00"|"21/03/2024 00:01:00"|null|"7b82263b-f892-4107-935d-aa35d6c02485"|"2"|"AVENA ENRIQUECIDA CON VITAMINAS Y MINERALES"|"32251"|"Kilogramo"|"Soles"|"1.00"|"---"|"ITEM"
"MUNICIPALIDAD DISTRITAL DE ACORA"|"Adjudicación Simplificada"|"Sin Modalidad"|"1"|"2024"|"MDA/OEC"|"SUMINISTRO DE LECHE EVAPORADA ENTERA DE 410 GRAMOS Y HOJUELA DE AVENA ENREQUESIDA CON VITAMINAS Y MINERALES PARA EL PROGRAMA VASO DE LECHE PARA LA MANICIPALIDAD DISTRITAL DE ACORA, DISTRITO DE ACORA, PROVINCIA DE PUNO - PUNO."|"AS-SM-1-2024-MDA/OEC-1"|"Bien"|"---"|""|"13/03/2024 20:55:00"|"14/03/2024 00:01:00"|"20/03/2024 23:59:00"|"21/03/2024 00:01:00"|null|"7b82263b-f892-4107-935d-aa35d6c02485"|"1"|"LECHE EVAPORADA ENTERA DE 410 GRAMOS"|"55951"|"Unidad"|"Soles"|"1.00"|"---"|"ITEM"
"MUNICIPALIDAD DISTRITAL DE ANTAUTA"|"Adjudicación Simplificada"|"Sin Modalidad"|"2"|"2024"|"MDA/CS"|"ADQUISICION DE BIENES PARA LA OBRA: CONSTRUCCION DE ALCANTARILLA Y BADEN: EN EL (LA) SECTORES DE ANGOSTURA, PHARUYO, SAN BASILIO, CENTRAL SAN JUAN Y RIJCHARIHUAYNA EN EL DISTRITO DE ANTAUTA,MELGAR, DE PUNO, CON CUI 2617063 ALCANTARILLA TMC O=24, ALCANTARILLA TMC O=36, ALCANTARILLA TMC O=48"|"AS-SM-2-2024-MDA/CS-1"|"Bien"|"---"|""|"08/03/2024 21:34:00"|"09/03/2024 00:01:00"|"17/03/2024 23:59:00"|"18/03/2024 00:01:00"|null|"ea114c98-70a7-453c-b898-b0b7652f5d38"|"1"|"TUBO PARA ALCANTARILLADO DE ACERO GALVANIZADO CORRUGADO (TMC DE 24"" - TMC DE 36"" - TMC DE 36"")"|"201"|" "|"Nuevos Soles"|"1.00"|"---"|"PAQUETE"
"MUNICIPALIDAD DISTRITAL DE ANTAUTA"|"Subasta Inversa Electrónica"|"Subasta Inversa Electrónica"|"1"|"2024"|"MDA/CS"|"ADQUISICION DE CEMENTO PORTLAND TIPO IP (45KG) PARA LA OBRA: CONSTRUCCION DE ALCANTARILLA Y BADEN; EN LOS SECTORES DE ANGOSTURA, PHARUYO, SAN BASILIO, CENTRAL, SAN JUAN Y RICHARIHUAYNA EN EL DISTRITO DE ANTAUTA, PROVINCIA DE MELGAR, DEPARTAMENTO DE PUNO, CON CUI 2617063"|"SIE-SIE-1-2024-MDA/CS-1"|"Bien"|"---"|""|"08/03/2024 21:34:00"|"11/03/2024 00:01:00"|"15/03/2024 23:59:00"|"11/03/2024 00:01:00"|null|"09aacc8d-45e4-45cf-84e1-a3149ad05849"|"1"|"ADQUISICION DE CEMENTO PORTLAND TIPO IP (45KG) PARA LA OBRA: CONSTRUCCION DE ALCANTARILLA Y BADEN; EN LOS SECTORES DE ANGOSTURA, PHARUYO, SAN BASILIO, CENTRAL, SAN JUAN Y RICHARIHUAYNA EN EL DISTRITO DE ANTAUTA, PROVINCIA DE MELGAR, DEPARTAMENTO DE PUNO, CON CUI 2617063"|"3400"|"Unidad"|"Soles"|"1.00"|"---"|"ITEM"
"MUNICIPALIDAD DISTRITAL DE ANTAUTA"|"Subasta Inversa Electrónica"|"Subasta Inversa Electrónica"|"2"|"2024"|"MDA/CS"|"ADQUISICION DE ACERO DE (REFUERZO FY=4200 GRADO 60 X 1/2"" - REFUERZO FY=4200 GRADO 60 X 3/8"") PARA LA OBRA: CONSTRUCCION DE ALCANTARILLA Y BADEN; EN LOS SECTORES DE ANGOSTURA, PHARUYO, SAN BASILIO, CENTRAL, SAN JUAN Y RICHARIHUAYNA EN EL DISTRITO DE ANTAUTA, PROVINCIA DE MELGAR, DEPARTAMENTO DE PUNO"|"SIE-SIE-2-2024-MDA/CS-1"|"Bien"|"---"|""|"08/03/2024 21:34:00"|"11/03/2024 00:01:00"|"15/03/2024 23:59:00"|"11/03/2024 00:01:00"|null|"03aca0d7-d6ef-4297-a8dd-928563c20693"|"1"|"ADQUISICION DE ACERO DE REFUERZO (FY=4200 3/8"" GRADO 60 - FY=4200 1/2"" GRADO 60)"|"1400"|" "|"Nuevos Soles"|"1.00"|"---"|"PAQUETE"
"MUNICIPALIDAD DISTRITAL DE ASILLO"|"Adjudicación Simplificada"|"Sin Modalidad"|"3"|"2024"|"MDA/OEC"|"ADQUISICION DE CALAMINA GALVANIZADA REPINTADA DE 0.80X3.60X0.25MM PARA EL PROYECTO CREACION DE COBERTIZOS PARA LA PRODUCCION DE GANADO VACUNO LECHERO EN LA COMUNIDAD DE ÑAUPAPAMPA DEL DISTRITO DE ASILLO - PROVINCIA AZANGARO - DEPARTAMENTO PUNO"|"AS-SM-3-2024-MDA/OEC-1"|"Bien"|"---"|""|"08/03/2024 22:08:00"|"09/03/2024 00:01:00"|"17/03/2024 23:59:00"|"18/03/2024 00:01:00"|null|"3fed1d55-3c0d-4d59-90f0-f23a3b65fb9f"|"1"|"ADQUISICIÓN DE CALAMINA GALVANIZADA REPINTADA DE 0.80X3.60X0.25MM PARA EL PROYECTO CREACION DE COBERTIZOS PARA LA PRODUCCION DE GANADO VACUNO LECHERO EN LA COMUNIDAD DE ÑAUPAPAMPA DEL DISTRITO DE ASILLO - PROVINCIA AZANGARO - DEPARTAMENTO PUNO"|"3524"|"Unidad"|"Soles"|"1.00"|"---"|"ITEM"
"MUNICIPALIDAD DISTRITAL DE AYAPATA"|"Subasta Inversa Electrónica"|"Subasta Inversa Electrónica"|"1"|"2024"|"MDA/CS"|"CONTRATACIÓN DE BIENES  ADQUISICIÓN DE CEMENTO PORTLAND TIPO I X 42.50 kg PARA  LA EJECUCION DE LA OBRA: CREACION DE LOS SERVICIOS OPERATIVOS O MISIONALES INSTITUCIONALES EN EL PALACIO MUNICIPAL DEL CENTRO POBLADO DE KANA, DISTRITO DE AYAPATA, PROVINCIA DE CARABAYA, DEPARTAMENTO DE PUNO, CON CUI N° 2577720 SEGÚN RESOLUCION MUNICIPAL N° 227-2023-MDA/GM."|"SIE-SIE-1-2024-MDA/CS-1"|"Bien"|"---"|""|"06/03/2024 14:50:00"|"07/03/2024 00:01:00"|"13/03/2024 23:59:00"|"07/03/2024 00:01:00"|null|"486de458-2f9b-4671-ae95-e9178421c237"|"1"|"contratación de bienes  ADQUISICIÓN DE CEMENTO PORTLAND TIPO I X 42.50 kg PARA  LA EJECUCION DE LA OBRA: CREACION DE LOS SERVICIOS OPERATIVOS O MISIONALES INSTITUCIONALES EN EL PALACIO MUNICIPAL DEL CENTRO POBLADO DE KANA, DISTRITO DE AYAPATA, PROVINCIA DE CARABAYA, DEPARTAMENTO DE PUNO, CON CUI N° 2577720 SEGÚN RESOLUCION MUNICIPAL N° 227-2023-MDA/GM."|"1409"|"Kilogramo"|"Soles"|"1.00"|"---"|"ITEM"
"MUNICIPALIDAD DISTRITAL DE AYAPATA"|"Subasta Inversa Electrónica"|"Subasta Inversa Electrónica"|"2"|"2024"|"MDA/CS"|"CONTRATACIÓN DE BIENES  CONTRATACIÓN DE COMBUSTIBLE (DIESEL B5-S50) PARA LA EJECUCION DE OBRA  CREACION  DE SERVICIO  DE TRANSITABILIDAD DE CAMINO VECINAL TRAMO RIO MAPURAYA-SELVA ALEGRE DEL DISTRITO DE AYAPATA PROVINCIA DE CARABAYA DEPARTAMENTO DE PUNO con CUI 2521717"|"SIE-SIE-2-2024-MDA/CS-1"|"Bien"|"---"|""|"06/03/2024 16:13:00"|"07/03/2024 00:01:00"|"13/03/2024 23:59:00"|"07/03/2024 00:01:00"|null|"a901d10a-501c-4274-acce-92b7803a5f34"|"1"|"CONTRATACIÓN DE BIENES  CONTRATACIÓN DE COMBUSTIBLE (DIESEL B5-S50) PARA LA EJECUCION DE OBRA  CREACION  DE SERVICIO  DE TRANSITABILIDAD DE CAMINO VECINAL TRAMO RIO MAPURAYA-SELVA ALEGRE DEL DISTRITO DE AYAPATA PROVINCIA DE CARABAYA DEPARTAMENTO DE PUNO con CUI 2521717"|"5000"|"Galon"|"Soles"|"1.00"|"---"|"ITEM"
"MUNICIPALIDAD DISTRITAL DE CABANILLAS"|"Subasta Inversa Electrónica"|"Subasta Inversa Electrónica"|"1"|"2024"|"MDC/OEC"|"ADQUISICION DE COMBUSTIBLE PARA LAS OFICINAS DE LA MUNICIPALIDAD DISTRITAL DE CABANILLAS"|"SIE-SIE-1-2024-MDC/OEC-1"|"Bien"|"---"|""|"11/03/2024 08:23:00"|"12/03/2024 00:01:00"|"18/03/2024 23:59:00"|"12/03/2024 00:01:00"|null|"5802b40e-126e-41c6-a758-6b453b1ac73e"|"1"|"SUMINISTRO DE COMBUSTIBLE: DIESEL B5 S - 50 Y GASOHOL REGULAR PARA LAS UNIDADES MOVILES UTILIZDAS POR LA GERENCIA, OFICINAS, SUB GERENCIAS, AREAS Y UNIDADES ORGANICAS DE LA MUNICIPALIDAD DISTRITAL DE CABANILLAS DEL AÑO 2024"|"2"|" "|"Soles"|"1.00"|"---"|"PAQUETE"
"MUNICIPALIDAD DISTRITAL DE CABANILLAS"|"Adjudicación Simplificada"|"Sin Modalidad"|"3"|"2024"|"MDC/CS"|"SERVICIO POR CONSULTORIA PARA LA ELABORACION DE EXPEDIENTE TECNICO DEL PROYECTO CREACION DEL SERVICIO DE MOVILIDAD URBANA EN BARRIOS LA QUINTA Y LA RINCONADA DE LA LOCALIDAD DE CABANILLAS   DISTRITO DE CABANILLAS DE LA PROVINCIA DE SAN ROMAN DEL DEPARTAMENTO DE PUNO"|"AS-SM-3-2024-MDC/CS-1"|"Consultoría de Obra"|"189000.00"|"Soles"|"13/03/2024 21:01:00"|"14/03/2024 00:01:00"|"20/03/2024 23:59:00"|"21/03/2024 00:01:00"|null|"39c2744c-c238-47aa-ab86-4b91263fedde"|"1"|"SERVICIO DE CONSULTORIA DE OBRA PARA LA ELABORACION DEL EXPEDIENTE TECNICO DEL PROYECTO: ""CREACION DEL SERVICIO DE MOVILIDAD URBANA EN BARRIO LA QUINTA Y LA RINCONADA DE LA LOCALIDAD DE CABANILLAS DISTRITO DE CABANILLAS DE LA PROVINCIA DE SAN ROMAN DE DEPARTAMENTO DE PUNO"|"1"|"Servicio"|"Soles"|"1.00"|"189000.00"|"ITEM"
"MUNICIPALIDAD DISTRITAL DE CAPASO"|"Adjudicación Simplificada"|"Sin Modalidad"|"1"|"2024"|"MDC/CS"|"ADQUISICIÓN DE MALLA GANADERA 9 HILOS X 1.2M X 100M, POSTES DE FIERRO TEE Y POSTES DE FIERRO ESQUINERO"|"AS-SM-1-2024-MDC/CS-2"|"Bien"|"---"|""|"06/03/2024 23:18:00"|"07/03/2024 00:01:00"|"17/03/2024 23:59:00"|"18/03/2024 00:01:00"|null|"96b1028a-3e55-4b5e-83c3-0a4c8a757bfb"|"1"|"ADQUISICIÓN DE MALLA GANADERA DE 9 HILOS X 1.2MX100M, POSTE DE FIERRO TEE Y POSTE DE FIERRO ESQUINERO"|"3"|" "|"Soles"|"1.00"|"---"|"PAQUETE"
"MUNICIPALIDAD DISTRITAL DE CHUCUITO - PUNO"|"Adjudicación Simplificada"|"Sin Modalidad"|"1"|"2024"|"MDCH/CS"|"ADQUISICION DE INSUMOS PARA  LA UNIDAD DEL PROGRAMA VASO DE LECHE DE LA MUNICIPALIDAD DISTRITAL DE CHUCUITO"|"AS-SM-1-2024-MDCH/CS-1"|"Bien"|"---"|""|"13/03/2024 15:39:00"|"14/03/2024 00:01:00"|"20/03/2024 23:59:00"|"21/03/2024 00:01:00"|null|"9c1bf0e5-52e4-47d5-ab09-4d5ea3f5f15f"|"1"|"ADQUISICIÓN DE INSUMOS (HOJUELA DE AVENA ENRIQUECIDA CON VITAMINA Y MINERALES; LECHE EVAPORADA ENTERA X 410 GR.)  PARA EL PROGRAMA SOCIAL VASO DE LECHE DE LA MUNICIPALIDAD DISTRITAL DE CHUCUITO, PERIODO 2024"|"2"|" "|"Soles"|"1.00"|"---"|"PAQUETE"
"MUNICIPALIDAD DISTRITAL DE COJATA"|"Licitación Pública"|"Sin Modalidad"|"1"|"2024"|"MDC/CS"|"CONTRATACION DE ADQUISICION DE CARGADOR FRONTAL SOBRE RUEDAS SEGUN ESPECIFICACIONES TECNICAS  PARA EL PROYECTO DENOMINADO  MEJORAMIENTO DE LOS SERVICIOS OPERATIVOS O MISIONALES INSTITUCIONALES EN LA DIVISION DE EQUIPO MECANICO DE LA MUNICIPALIDAD DISTRITAL DE COJATA DISTRITO COJATA DE LA PROVINCIA DE HUANCANE DEPARTAMENTO DE PUNO"|"LP-SM-1-2024-MDC/CS-1"|"Bien"|"---"|""|"23/02/2024 21:27:00"|"24/02/2024 00:01:00"|"25/03/2024 23:59:00"|"26/03/2024 00:01:00"|null|"45ca95a8-c43d-42a9-ad6d-6b013d6c928b"|"1"|"CONTRATACION DE ADQUISICION DE CARGADOR FRONTAL SOBRE RUEDAS SEGUN ESPECIFICACIONES TECNICAS  PARA EL PROYECTO DENOMINADO  MEJORAMIENTO DE LOS SERVICIOS OPERATIVOS O MISIONALES INSTITUCIONALES EN LA DIVISION DE EQUIPO MECANICO DE LA MUNICIPALIDAD DISTRITAL DE COJATA DISTRITO COJATA DE LA PROVINCIAA DE HUANCANE DEPARTAMENTO DE PUNO"|"1"|"Unidad"|"Soles"|"1.00"|"---"|"ITEM"
"MUNICIPALIDAD DISTRITAL DE CONDURIRI"|"Licitación Pública"|"Sin Modalidad"|"1"|"2024"|"MDC/CS"|"ADQUISICION DE MALLAS GANADERAS DE ACERO GALVANIZADO PARA EL PROYECTO: MEJORAMIENTO DE LOS SERVICIOS DE APOYO AL DESARROLLO PRODUCTIVO EN LOS PRODUCTORES PECUARIOS DE LA LOCALIDADES DE LA ZONA CONDURIRI DEL DISTRITO DE CONDURIRI DE LA PROVINCIA DE EL COLLAO DEL DEPARTAMENTO PUNO."|"LP-SM-1-2024-MDC/CS-1"|"Bien"|"---"|""|"05/03/2024 21:00:00"|"06/03/2024 00:01:00"|"07/04/2024 23:59:00"|"08/04/2024 00:01:00"|null|"f79d5a71-35c4-49b6-a67a-673bb7991009"|"1"|"ADQUISICION DE MALLA GANADERA DE ACERO GALVANIZADO"|"1672"|"Unidad"|"Soles"|"1.00"|"---"|"ITEM"
"MUNICIPALIDAD DISTRITAL DE CONDURIRI"|"Adjudicación Simplificada"|"Sin Modalidad"|"3"|"2024"|"MDC/CS"|"¿ADQUISICIÓN DE LECHE EVAPORADA ENTERA POR 400 GRAMOS A MAS PARA BRINDAR ASISTENCIA ALIMENTARIA A BENEFICIARIOS DEL PROGRAMA DEL VASO DE LECHE DE LA MUNICIPALIDAD DISTRITAL DE CONDURIRI DE LA PROVINCIA DE EL COLLAO DEL DEPARTAMENTO DE PUNO¿"|"AS-SM-3-2024-MDC/CS-1"|"Bien"|"---"|""|"11/03/2024 21:16:00"|"12/03/2024 00:01:00"|"18/03/2024 23:59:00"|"19/03/2024 00:01:00"|null|"55ff63cc-7576-4120-8699-9facc168aa4b"|"1"|"ADQUISICION DE LECHE EVAPORADA"|"15680"|"Unidad"|"Soles"|"1.00"|"---"|"ITEM"
"MUNICIPALIDAD DISTRITAL DE CUYOCUYO"|"Adjudicación Simplificada"|"Sin Modalidad"|"2"|"2024"|"MDC/CS"|"CONTRATACION DE BIENES DE GRASS SINTETICO (INCLUYE INSTALACION Y ACCESORIOS) PARA EL PROYECTO: MEJORAMIENTO DEL SERVICIO DE PRÁCTICA DEPORTIVA Y/O RECREATIVA EN MUNICIPALIDAD DISTRITAL CUYOCUYO DISTRITO DE CUYOCUYO DE LA PROVINCIA DE SANDIA DEL DEPARTAMENTO DE PUNO"|"AS-SM-2-2024-MDC/CS-1"|"Bien"|"---"|""|"11/03/2024 21:45:00"|"12/03/2024 00:01:00"|"18/03/2024 23:59:00"|"19/03/2024 00:01:00"|null|"e967b6fa-bb37-4f04-b198-e5af1495fbf9"|"1"|"CONTRATACION DE BIENES DE GRASS SINTETICO (INCLUYE INSTALACION Y ACCESORIOS) PARA EL PROYECTO: MEJORAMIENTO DEL SERVICIO DE PRÁCTICA DEPORTIVA Y/O RECREATIVA EN MUNICIPALIDAD DISTRITAL CUYOCUYO DISTRITO DE CUYOCUYO DE LA PROVINCIA DE SANDIA DEL DEPARTAMENTO DE PUNO"|"6656"|"M2"|"Soles"|"1.00"|"---"|"ITEM"
"MUNICIPALIDAD DISTRITAL DE CUYOCUYO"|"Adjudicación Simplificada"|"Sin Modalidad"|"1"|"2024"|"MDC/CS"|"CONTRATACION DE SUMINISTRO DE BIENES LECHE EVAPORADA ENTERA DE 410 Y HOJUELA DE SIETE CEREALES SEGUN ESPECIFICACIONES TECNICAS DE LOS INSUMOS DEL PROGRAMA VASO DE LECHE DE LA MUNICIPALIDAD DISTRITAL DE CUYOCUYO - SANDIA - PUNO."|"AS-SM-1-2024-MDC/CS-1"|"Bien"|"---"|""|"13/03/2024 21:31:00"|"14/03/2024 00:01:00"|"20/03/2024 23:59:00"|"21/03/2024 00:01:00"|null|"2b47e1fa-1f41-40fd-adca-12fceb5b08f7"|"1"|"CONTRATACION DE SUMINISTRO DE BIENES LECHE EVAPORADA ENTERA DE 410 GRAMOS SEGUN ESPECIFICACIONES TECNICAS DE LOS INSUMOS DEL PROGRAMA VASO DE LECHE DE LA MUNICIPALIDAD DISTRITAL DE CUYOCUYO - SANDIA - PUNO."|"28280"|"Unidad"|"Soles"|"1.00"|"---"|"ITEM"
"MUNICIPALIDAD DISTRITAL DE CUYOCUYO"|"Adjudicación Simplificada"|"Sin Modalidad"|"1"|"2024"|"MDC/CS"|"CONTRATACION DE SUMINISTRO DE BIENES LECHE EVAPORADA ENTERA DE 410 Y HOJUELA DE SIETE CEREALES SEGUN ESPECIFICACIONES TECNICAS DE LOS INSUMOS DEL PROGRAMA VASO DE LECHE DE LA MUNICIPALIDAD DISTRITAL DE CUYOCUYO - SANDIA - PUNO."|"AS-SM-1-2024-MDC/CS-1"|"Bien"|"---"|""|"13/03/2024 21:31:00"|"14/03/2024 00:01:00"|"20/03/2024 23:59:00"|"21/03/2024 00:01:00"|null|"2b47e1fa-1f41-40fd-adca-12fceb5b08f7"|"2"|"CONTRATACION DE SUMINISTRO DE BIENES HOJUELA DE SIETE CEREALES SEGUN ESPECIFICACIONES TECNICAS DE LOS INSUMOS DEL PROGRAMA VASO DE LECHE DE LA MUNICIPALIDAD DISTRITAL DE CUYOCUYO - SANDIA - PUNO."|"4040"|"Unidad"|"Soles"|"1.00"|"---"|"ITEM"
"MUNICIPALIDAD DISTRITAL DE DESAGUADERO"|"Subasta Inversa Electrónica"|"Subasta Inversa Electrónica"|"2"|"2024"|"MDD/OEC"|"ADQUISICION DE CEMENTO PORTLAND TIPO I X 42.5 KG PARA EL PROYECTO: ¿MEJORAMIENTO DE LOS SERVICIOS DE APOYO AL DESARROLLO PRODUCTIVO EN LA CRIANZA DE GANADO OVINO EN LAS COMUNIDADES DE CARANCAS, COLLANA, SANTA CRUZ A AYRIHUAS Y COLLPACOTAÑA DEL DISTRITO DE DESAGUADERO ¿ PROVINCIA DE CHUCUITO ¿ DEPARTAMENTO DE PUNO¿."|"SIE-SIE-2-2024-MDD/OEC-1"|"Bien"|"---"|""|"12/03/2024 14:08:00"|"13/03/2024 00:01:00"|"19/03/2024 23:59:00"|"13/03/2024 00:01:00"|null|"777989e4-ce75-424b-a494-633251b7f215"|"1"|"ADQUISICION DE CEMENTO PORTLAND TIPO I X 42.5 KG PARA EL PROYECTO: ¿MEJORAMIENTO DE LOS SERVICIOS DE APOYO AL DESARROLLO PRODUCTIVO EN LA CRIANZA DE GANADO OVINO EN LAS COMUNIDADES DE CARANCAS, COLLANA, SANTA CRUZ A AYRIHUAS Y COLLPACOTAÑA DEL DISTRITO DE DESAGUADERO ¿ PROVINCIA DE CHUCUITO ¿ DEPARTAMENTO DE PUNO¿."|"2210"|"Unidad"|"Soles"|"1.00"|"---"|"ITEM"
"MUNICIPALIDAD DISTRITAL DE DESAGUADERO"|"Subasta Inversa Electrónica"|"Subasta Inversa Electrónica"|"3"|"2024"|"MDD/OEC"|"ADQUISICION DE ACERO CORRUGADO GRADO 60 3/8¿ X 9 Mts PARA EL PROYECTO: ¿MEJORAMIENTO DE LOS SERVICIOS DE APOYO AL DESARROLLO PRODUCTIVO EN LA CRIANZA DE GANADO OVINO EN LAS COMUNIDADES DE CARANCAS, COLLANA, SANTA CRUZ A AYRIHUAS Y COLLPACOTAÑA DEL DISTRITO DE DESAGUADERO ¿ PROVINCIA DE CHUCUITO ¿ DEPARTAMENTO DE PUNO¿."|"SIE-SIE-3-2024-MDD/OEC-1"|"Bien"|"---"|""|"12/03/2024 14:46:00"|"13/03/2024 00:01:00"|"19/03/2024 23:59:00"|"13/03/2024 00:01:00"|null|"4188a4c6-2ffe-45c6-905e-53f8db2995c0"|"1"|"ADQUISICION DE ACERO CORRUGADO GRADO 60 3/8¿ X 9 Mts PARA EL PROYECTO: ¿MEJORAMIENTO DE LOS SERVICIOS DE APOYO AL DESARROLLO PRODUCTIVO EN LA CRIANZA DE GANADO OVINO EN LAS COMUNIDADES DE CARANCAS, COLLANA, SANTA CRUZ A AYRIHUAS Y COLLPACOTAÑA DEL DISTRITO DE DESAGUADERO ¿ PROVINCIA DE CHUCUITO ¿ DEPARTAMENTO DE PUNO¿."|"1530"|"Unidad"|"Soles"|"1.00"|"---"|"ITEM"
"MUNICIPALIDAD DISTRITAL DE HUACULLANI"|"Adjudicación Simplificada"|"Sin Modalidad"|"3"|"2024"|"MDH/CS"|"CONTRATACIÓN DE SUMINISTRO DE BIENES ADQUISICION DE INSUMO DE HOJUELA DE AVENA PRECOCIDA ENRIQUECIDA CON VITAMINAS Y MINERALES Y LECHE EVAPORADA ENTERA X 410 GR, PARA EL PROGRAMA DE VASO DE LECHE DE LA MUNICIPALIDAD DISTRITAL DE HUACULLANI, PROVINCIA DE CHUCUITO, DEPARTAMENTO DE PUNO"|"AS-SM-3-2024-MDH/CS-1"|"Bien"|"---"|""|"08/03/2024 14:45:00"|"09/03/2024 00:01:00"|"17/03/2024 23:59:00"|"18/03/2024 00:01:00"|null|"6c071809-75ff-47bd-95bd-9f78c0e70dec"|"1"|"ADQUISICION DE INSUMO DE HOJUELA DE AVENA PRECOCIDA ENRIQUECIDA CON VITAMINAS Y MINERALES Y LECHE EVAPORADA ENTERA X 410 GR, PARA EL PROGRAMA DE VASO DE LECHE DE LA MUNICIPALIDAD DISTRITAL DE HUACULLANI, PROVINCIA DE CHUCUITO, DEPARTAMENTO DE PUNO."|"1"|" "|"Soles"|"1.00"|"---"|"PAQUETE"
"MUNICIPALIDAD DISTRITAL DE HUATA - PUNO"|"Subasta Inversa Electrónica"|"Subasta Inversa Electrónica"|"2"|"2024"|"MDH/OEC"|"ADQUISICION DE SUMINISTRO DE COMBUSTIBLE DIESEL B-5 S50 UV Y GASHOL 84 OCT REGULAR EN ATENCION AL REQUERIMIENTO DE LAS AREAS USUARIAS"|"SIE-SIE-2-2024-MDH/OEC-1"|"Bien"|"---"|""|"07/03/2024 11:32:00"|"08/03/2024 00:01:00"|"14/03/2024 23:59:00"|"08/03/2024 00:01:00"|null|"74b5269a-b3d3-4b3b-bba6-7b19d10c0995"|"1"|"ADQUISICION DE SUMINISTRO DE COMBUSTIBLE DIESEL B5 S 50 UV"|"14334"|"Galon"|"Soles"|"1.00"|"---"|"ITEM"
"MUNICIPALIDAD DISTRITAL DE HUATA - PUNO"|"Subasta Inversa Electrónica"|"Subasta Inversa Electrónica"|"2"|"2024"|"MDH/OEC"|"ADQUISICION DE SUMINISTRO DE COMBUSTIBLE DIESEL B-5 S50 UV Y GASHOL 84 OCT REGULAR EN ATENCION AL REQUERIMIENTO DE LAS AREAS USUARIAS"|"SIE-SIE-2-2024-MDH/OEC-1"|"Bien"|"---"|""|"07/03/2024 11:32:00"|"08/03/2024 00:01:00"|"14/03/2024 23:59:00"|"08/03/2024 00:01:00"|null|"74b5269a-b3d3-4b3b-bba6-7b19d10c0995"|"2"|"ADQUISICION DE SUMINISTRO DE COMBUSTIBLE GASOLINA REGULAR"|"2502"|"Galon"|"Soles"|"1.00"|"---"|"ITEM"
"MUNICIPALIDAD DISTRITAL DE ITUATA"|"Subasta Inversa Electrónica"|"Subasta Inversa Electrónica"|"2"|"2024"|"MDI/OEC"|"ADQUISICION DE DIESEL B5 S-50 PARA LA OBRA: ""CREACION DEL SERVICIO DE TRANSITABILIDAD VIAL INTERURBANA EN LA TROCHA CARROZABLE TRAMO CALZADA CCUCHU AL SECTOR MEDIA NARANJA DEL CENTRO POBLADO DE UPINA, DISTRITO DE ITUATA DE LA PROVINCIA DE CARABAYA DEL DEPARTAMENTO DE PUNO"""|"SIE-SIE-2-2024-MDI/OEC-1"|"Bien"|"---"|""|"06/03/2024 21:54:00"|"07/03/2024 00:01:00"|"13/03/2024 23:59:00"|"07/03/2024 00:01:00"|null|"04bee6f0-b0dc-436c-8bc5-03cf97251410"|"1"|"DIESEL B5 S-50"|"10000"|"Galon"|"Soles"|"1.00"|"---"|"ITEM"
"MUNICIPALIDAD DISTRITAL DE ITUATA"|"Adjudicación Simplificada"|"Sin Modalidad"|"1"|"2024"|"MDI/CS"|"ADQUISICION DE INSUMOS PARA EL PROGRAMA VASO DE LECHE (LECHE EVAPORADA Y HOJUELA DE AVENA ENRIQUECIDA CON VITAMINAS Y MINERALES), PERIODO FISCAL ENERO ¿ DICIEMBRE 2024"|"AS-SM-1-2024-MDI/CS-1"|"Bien"|"---"|""|"12/03/2024 23:59:00"|"13/03/2024 00:01:00"|"20/03/2024 23:59:00"|"21/03/2024 00:01:00"|null|"e663ce95-8ca9-4d67-983d-ddcd9c7641d0"|"1"|"ADQUISICION DE INSUMOS PARA EL PROGRAMA VASO DE LECHE (LECHE EVAPORADA Y HOJUELA DE AVENA ENRIQUECIDA CON VITAMINAS Y MINERALES), PERIODO FISCAL ENERO - DICIEMBRE 2024"|"33269.6"|" "|"Soles"|"1.00"|"---"|"PAQUETE"
"MUNICIPALIDAD DISTRITAL DE KELLUYO"|"Adjudicación Simplificada"|"Sin Modalidad"|"2"|"2024"|"MDK/CS"|"CONTRATACION DE SERVICIO DE CONSULTORIA PARA LA ELABORACION DE EXPEDIENTE TECNICO PARA EL PROYECTO DENOMINADO: MEJORAMIENTO Y AMPLIACION DEL SERVICIO DE AGUA POTABLE RURAL EN SANEAMIENTO BASICO EN LA LOCALIDAD DE KELLUYO Y LOS SECTORES DE JACHA QUELUYO, ISCACHACOCOLLO Y LIMACHI DE LA COMUNIDAD DE AL"|"AS-SM-2-2024-MDK/CS-1"|"Consultoría de Obra"|"250000.00"|"Soles"|"12/03/2024 23:54:00"|"13/03/2024 00:01:00"|"19/03/2024 23:59:00"|"20/03/2024 00:01:00"|null|"749c3f0e-4440-40f8-93c3-709c422fc816"|"1"|"CONTRATACION DE SERVICIO DE CONSULTORIA PARA LA ELABORACION DE EXPEDIENTE TECNICO PARA EL PROYECTO DENOMINADO: MEJORAMIENTO Y AMPLIACION DEL SERVICIO DE AGUA POTABLE RURAL EN SANEAMIENTO BASICO EN LA LOCALIDAD DE KELLUYO Y LOS SECTORES DE JACHA QUELUYO, ISCACHACOCOLLO Y LIMACHI DE LA COMUNIDAD DE ALTO ARACACHI QUELUYO EN EL DISTRITO DE KELLUYO DE LA PROVINCIA DE CHUCUITO DEL DEPARTAMENTO DE PUNO, CON CUI N° 2617443."|"1"|"Servicio"|"Soles"|"1.00"|"250000.00"|"ITEM"
"MUNICIPALIDAD DISTRITAL DE LIMBANI"|"Adjudicación Simplificada"|"Sin Modalidad"|"1"|"2024"|"MDL/CS"|"ADQUISICION DE LECHE EVAPORADA ENTERA DE 410 GR"|"AS-SM-1-2024-MDL/CS-1"|"Bien"|"---"|""|"13/03/2024 20:24:00"|"14/03/2024 00:01:00"|"21/03/2024 23:59:00"|"22/03/2024 00:01:00"|null|"4cff1576-7538-444d-862a-e0d5c6616538"|"1"|"ADQUISICION DE LECHE EVAPORADA ENTERA DE 410 KG"|"14000"|"Unidad"|"Soles"|"1.00"|"---"|"ITEM"
"MUNICIPALIDAD DISTRITAL DE MACARI"|"Concurso Público"|"Sin Modalidad"|"1"|"2024"|"MDM/CS"|"SERVICIO DE ELABORACION DE EXPEDIENTE TECNICO PARA EL PROYECTO MEJORAMIENTO Y AMPLIACION DEL SERVICIO DE EDUCACION INICIAL, SERVICIO DE EDUCACION PRIMARIA Y SERVICIO DE EDUCACION SECUNDARIA EN LA IE N.° 27 SANTA LUCIA FE Y ALEGRIA DISTRITO DE MACARI DE LA PROVINCIA DE MELGAR DEPARTAMENTO DE PUNO"|"CP-SM-1-2024-MDM/CS-1"|"Consultoría de Obra"|"700000.00"|"Soles"|"06/03/2024 22:23:00"|"07/03/2024 00:01:00"|"08/04/2024 23:59:00"|"09/04/2024 00:01:00"|null|"054834fe-addb-48de-b975-9294b51d6b39"|"1"|"SERVICIO DE ELABORACION DE EXPEDIENTE TECNICO PARA EL PROYECTO MEJORAMIENTO Y AMPLIACION DEL SERVICIO DE EDUCACION INICIAL, SERVICIO DE EDUCACION PRIMARIA Y SERVICIO DE EDUCACION SECUNDARIA EN LA IE N.° 27 SANTA LUCIA FE Y ALEGRIA DISTRITO DE MACARI DE LA PROVINCIA DE MELGAR DEPARTAMENTO DE PUNO"|"1"|"Servicio"|"Soles"|"1.00"|"700000.00"|"ITEM"
"MUNICIPALIDAD DISTRITAL DE NUÑOA"|"Subasta Inversa Electrónica"|"Subasta Inversa Electrónica"|"1"|"2024"|"MDN-OEC"|"ADQUISICION DE COMBUSTIBLE PARA LAS DEPENDENCIAS DE LA MUNICIPALIDAD DISTRITAL DE NUÑOA"|"SIE-SIE-1-2024-MDN-OEC-1"|"Bien"|"---"|""|"11/03/2024 19:27:00"|"12/03/2024 00:01:00"|"18/03/2024 23:59:00"|"12/03/2024 00:01:00"|null|"55d9fddb-2fd1-4015-88af-db194046bba3"|"1"|"ADQUISICION DE DIESEL B5 S-50 PARA LAS DEPENDENCIAS DE LA MUNICIPALIDAD DISTRITAL DE NUÑOA"|"6600"|"Galon"|"Soles"|"1.00"|"---"|"ITEM"
"MUNICIPALIDAD DISTRITAL DE PALCA - LAMPA"|"Adjudicación Simplificada"|"Sin Modalidad"|"1"|"2024"|"MDP/CS"|"CONTRATACIÓN DE SUMINISTRO DE BIENES:  ALIMENTOS Y/O INSUMOS (HOJUELA DE AVENA PRECOCIDA ENRIQUICIDA CON VITAMINAS Y MINERALES Y LECHE EVAPORADA ENTERA DE 410 GR.) PARA EL PROGRAMA DE VASO DE LECHE DE LA MUNICIPALIDAD DISTRITAL DE PALCA"|"AS-SM-1-2024-MDP/CS-1"|"Bien"|"---"|""|"12/03/2024 18:24:00"|"13/03/2024 00:01:00"|"20/03/2024 23:59:00"|"21/03/2024 00:01:00"|null|"951ac706-4029-4db1-9040-e9aeeb32e3cc"|"1"|"CONTRATACIÓN DE SUMINISTRO DE BIENES:  ALIMENTOS Y/O INSUMOS (HOJUELA DE AVENA PRECOCIDA ENRIQUICIDA CON VITAMINAS Y MINERALES Y LECHE EVAPORADA ENTERA DE 410 GR.) PARA EL PROGRAMA DE VASO DE LECHE DE LA MUNICIPALIDAD DISTRITAL DE PALCA"|"1"|" "|"Soles"|"1.00"|"---"|"PAQUETE"
"MUNICIPALIDAD DISTRITAL DE PILCUYO"|"Adjudicación Simplificada"|"Sin Modalidad"|"3"|"2024"|"MDP/CS"|"ADQUISICION DE INSUMOS PARA EL PROGRAMA VASO DE LECHE (HOJUELA DE AVENA FORTIFICADA CON VITAMINAS Y MINERALES Y LECHE EVAPORADA ENTERA DE 410G)"|"AS-SM-3-2024-MDP/CS-1"|"Bien"|"---"|""|"13/03/2024 20:05:00"|"14/03/2024 00:01:00"|"20/03/2024 23:59:00"|"21/03/2024 00:01:00"|null|"8d6ca681-5387-466c-bd4c-4778cf3846f0"|"1"|"ADQUISICION DE INSUMOS PARA EL PROGRAMA VASO DE LECHE: HOJUELA DE AVENA ENRIQUECIDA CON VITAMINAS Y MINERALES Y LECHE EVAPORADA ENTERA DE 410G"|"2"|" "|"Soles"|"1.00"|"---"|"PAQUETE"
"MUNICIPALIDAD DISTRITAL DE POTONI"|"Adjudicación Simplificada"|"Sin Modalidad"|"2"|"2024"|"MDP/CS"|"CONTRATACIÓN DE MALLA DE ACERO GALVANIZADO DE 1.20 MTS. X 100 MTS. X 9 ALAMBRES SEGÚN ESPECIFICACIONES TÉCNICAS PARA EL PROYECTO: MEJORAMIENTO DE LOS SERVICIOS DE APOYO AL DESARROLLO PRODUCTIVO EN EL MANEJO Y CONSERVACIÓN DE PASTOS NATURALES EN LA COMUNIDAD CULLCO JURINSAYA DISTRITO DE POTONI DE LA PROVINCIA DE AZÁNGARO DEL DEPARTAMENTO DE PUNO. CUI N° 2606368"|"AS-SM-2-2024-MDP/CS-1"|"Bien"|"---"|""|"04/03/2024 23:10:00"|"05/03/2024 00:01:00"|"13/03/2024 23:59:00"|"14/03/2024 00:01:00"|null|"b910a6f7-ee33-4b58-a23a-ff10e3fcab5e"|"1"|"CONTRATACIÓN DE MALLA DE ACERO GALVANIZADO DE 1.20 MTS. X 100 MTS. X 9 ALAMBRES SEGÚN ESPECIFICACIONES TÉCNICAS PARA EL PROYECTO: MEJORAMIENTO DE LOS SERVICIOS DE APOYO AL DESARROLLO PRODUCTIVO EN EL MANEJO Y CONSERVACIÓN DE PASTOS NATURALES EN LA COMUNIDAD CULLCO JURINSAYA DISTRITO DE POTONI DE LA PROVINCIA DE AZÁNGARO DEL DEPARTAMENTO DE PUNO. CUI N° 2606368"|"204"|"Unidad"|"Soles"|"1.00"|"---"|"ITEM"
"MUNICIPALIDAD DISTRITAL DE POTONI"|"Adjudicación Simplificada"|"Sin Modalidad"|"15"|"2024"|"MDP/CS"|"CONTRATACIÓN DE MOTOCICLETA XL-150 TODO TERRENO PARA PATRULLAJE, PARA EL PROYECTO: MEJORAMIENTO DEL SERVICIO DE SEGURIDAD LOCAL EN LA JURISDICCIÓN DE POTONI, DEL DISTRITO DE POTONI, DE LA PROVINCIA DE AZÁNGARO, DEL DEPARTAMENTO DE PUNO. CUI N° 2585774."|"AS-SM-15-2023-MDP/CS-2"|"Bien"|"---"|""|"07/03/2024 22:54:00"|"08/03/2024 00:01:00"|"17/03/2024 23:59:00"|"18/03/2024 00:01:00"|null|"af733f85-8e2c-4f83-87b4-40c54ed55780"|"1"|"CONTRATACIÓN DE MOTOCICLETA XL-150 TODO TERRENO PARA PATRULLAJE, PARA EL PROYECTO: MEJORAMIENTO DEL SERVICIO DE SEGURIDAD LOCAL EN LA JURISDICCIÓN DE POTONI, DEL DISTRITO DE POTONI, DE LA PROVINCIA DE AZÁNGARO, DEL DEPARTAMENTO DE PUNO. CUI N° 2585774."|"4"|"Unidad"|"Soles"|"1.00"|"---"|"ITEM"
"MUNICIPALIDAD DISTRITAL DE POTONI"|"Subasta Inversa Electrónica"|"Subasta Inversa Electrónica"|"2"|"2024"|"MDP/CS"|"CONTRATACIÓN DE SUMINISTRO DE COMBUSTIBLE SEGÚN ESPECIFICACIONES TÉCNICAS E FICHA TÉCNICA, PARA TRABAJOS ADMINISTRATIVOS Y ACTIVIDADES DE LA MUNICIPALIDAD DISTRITAL DE POTONI AÑO 2024, DEL DISTRITO DE POTONI, DE LA PROVINCIA DE AZÁNGARO, DEL DEPARTAMENTO DE PUNO."|"SIE-SIE-2-2024-MDP/CS-2"|"Bien"|"---"|""|"13/03/2024 21:30:00"|"14/03/2024 00:01:00"|"20/03/2024 23:59:00"|"14/03/2024 00:01:00"|null|"7040c801-5a34-4b6f-ae19-a6a4e07950c2"|"1"|"CONTRATACIÓN DE SUMINISTRO DE COMBUSTIBLE SEGÚN ESPECIFICACIONES TÉCNICAS E FICHA TÉCNICA, PARA TRABAJOS ADMINISTRATIVOS Y ACTIVIDADES DE LA MUNICIPALIDAD DISTRITAL DE POTONI AÑO 2024, DEL DISTRITO DE POTONI, DE LA PROVINCIA DE AZÁNGARO, DEL DEPARTAM"|"1"|" "|"Soles"|"1.00"|"---"|"PAQUETE"
"MUNICIPALIDAD DISTRITAL DE POTONI"|"Adjudicación Simplificada"|"Sin Modalidad"|"14"|"2024"|"MDP/CS"|"CONTRATACIÓN DE CAMIONETA 4X4 PICK UP DIESEL PARA PATRULLAJE, DEL PROYECTO: MEJORAMIENTO DEL SERVICIO DE SEGURIDAD LOCAL EN LA JURISDICCIÓN DE POTONI, DEL DISTRITO DE POTONI, DE LA PROVINCIA DE AZÁNGARO, DEL DEPARTAMENTO DE PUNO. CUI N° 2585774."|"AS-SM-14-2023-MDP/CS-5"|"Bien"|"---"|""|"13/03/2024 21:31:00"|"14/03/2024 00:01:00"|"20/03/2024 23:59:00"|"21/03/2024 00:01:00"|null|"63f7cae2-11b0-4fa3-b0b2-ff81f041095f"|"1"|"CONTRATACIÓN DE CAMIONETA 4X4 PICK UP DIESEL PARA PATRULLAJE, DEL PROYECTO: MEJORAMIENTO DEL SERVICIO DE SEGURIDAD LOCAL EN LA JURISDICCIÓN DE POTONI, DEL DISTRITO DE POTONI, DE LA PROVINCIA DE AZÁNGARO, DEL DEPARTAMENTO DE PUNO. CUI N° 2585774."|"1"|"Unidad"|"Soles"|"1.00"|"---"|"ITEM"
"MUNICIPALIDAD DISTRITAL DE PUCARA - LAMPA"|"Adjudicación Simplificada"|"Sin Modalidad"|"1"|"2024"|"MDP/CS"|"SUMINISTRO DE HOJUELAS DE SIETE CERALES ENRIQUECIDA CON VITAMINAS Y MINERALES Y LECHE EVAPORADA ENTERA X  410gr."|"AS-SM-1-2024-MDP/CS-1"|"Bien"|"---"|""|"07/03/2024 15:48:00"|"08/03/2024 00:01:00"|"14/03/2024 23:59:00"|"15/03/2024 00:01:00"|null|"0961137e-eb8a-4831-8678-9ed07a43687d"|"1"|"SUMINISTRO DE HOJUELA SIETE CEREALES ENRIQUECIDA CON VITAMINAS Y MINERALES Y LECHE EVAPORADA ENTERA X 410GR"|"22063"|" "|"Soles"|"1.00"|"---"|"PAQUETE"
"MUNICIPALIDAD DISTRITAL DE SAN ANTON"|"Adjudicación Simplificada"|"Sin Modalidad"|"1"|"2024"|"MDSA/CS"|"Contratación de servicios de consultoría para la elaboración del expediente técnico del proyecto MEJORAMIENTO Y AMPLICION DE LOS SERVICIOS DE SALUD DEL ESTABLECIMIENTOS DE SALUD CAÑICUTO DEL CENTRO POBLADO VILLA HERMOSA DEL DISTRITO DE SAN ANTON - PROVINCIA DE AZANGARO - DEPARTAMENTO DE PUNO COD. 2565764"|"AS-SM-1-2024-MDSA/CS-1"|"Consultoría de Obra"|"98468.64"|"Soles"|"05/03/2024 22:34:00"|"06/03/2024 00:01:00"|"13/03/2024 23:59:00"|"14/03/2024 00:01:00"|null|"a5860b05-399f-4e74-ac42-f1a6f3fcbefb"|"1"|"Elaboración del expediente técnico del proyecto MEJORAMIENTO Y AMPLICION DE LOS SERVICIOS DE SALUD DEL ESTABLECIMIENTOS DE SALUD CAÑICUTO DEL CENTRO POBLADO VILLA HERMOSA DEL DISTRITO DE SAN ANTON - PROVINCIA DE AZANGARO - DEPARTAMENTO DE PUNO COD. 2537867."|"1"|"Servicio"|"Soles"|"1.00"|"98468.64"|"ITEM"
"MUNICIPALIDAD DISTRITAL DE SAN ANTON"|"Adjudicación Simplificada"|"Sin Modalidad"|"2"|"2024"|"CS"|"Contratación de Suministro de Bienes, Adquisición De Hojuela De Avena Enriquecida Con Vitaminas Y Minerales, Leche Evaporada Entera Para El Programa Del Vaso De Leche Del Distrito De San Anton"|"AS-SM-2-2024-CS-1"|"Bien"|"---"|""|"07/03/2024 23:24:00"|"08/03/2024 00:01:00"|"14/03/2024 23:59:00"|"15/03/2024 00:01:00"|null|"64f1ebb2-bcc1-4451-b6a6-04b85ddf994f"|"2"|"LECHE EVAPORADA ENTERA  DE 410 GR EN TARRO"|"21906"|"Unidad"|"Soles"|"1.00"|"---"|"ITEM"
"MUNICIPALIDAD DISTRITAL DE SAN ANTON"|"Adjudicación Simplificada"|"Sin Modalidad"|"2"|"2024"|"CS"|"Contratación de Suministro de Bienes, Adquisición De Hojuela De Avena Enriquecida Con Vitaminas Y Minerales, Leche Evaporada Entera Para El Programa Del Vaso De Leche Del Distrito De San Anton"|"AS-SM-2-2024-CS-1"|"Bien"|"---"|""|"07/03/2024 23:24:00"|"08/03/2024 00:01:00"|"14/03/2024 23:59:00"|"15/03/2024 00:01:00"|null|"64f1ebb2-bcc1-4451-b6a6-04b85ddf994f"|"1"|"HOJUELA DE AVENA ENRIQUECIDA CON VITAMINAS Y MINERALES"|"7308"|"Kilogramo"|"Soles"|"1.00"|"---"|"ITEM"
"MUNICIPALIDAD DISTRITAL DE SAN ANTON"|"Adjudicación Simplificada"|"Sin Modalidad"|"3"|"2024"|"OEC"|"Adquisición de bienes consistente en ORDEÑADORES MOVILES DE DOS BAJADAS según especificaciones técnicas para el proyecto MEJORAMIENTO DE LA CADENA PRODUCTIVA LÁCTEA EN LAS COMUNIDADES DE LA CUENCA DEL RIO RAMIS DEL DISTRITO DE SAN ANTON ¿ PROVINCIA DE AZANGARO ¿ DEPARTAMENTO DE PUNO¿ CUI N°2482380."|"AS-SM-3-2024-OEC-1"|"Bien"|"---"|""|"12/03/2024 17:31:00"|"13/03/2024 00:01:00"|"19/03/2024 23:59:00"|"20/03/2024 00:01:00"|null|"71082a94-a4e6-4f06-ab08-3731945593e6"|"1"|"Adquisición de bienes consistente en ORDEÑADORES MOVILES DE DOS BAJADAS"|"25"|"Unidad"|"Soles"|"1.00"|"---"|"ITEM"
"MUNICIPALIDAD DISTRITAL DE SAN GABAN"|"Adjudicación Simplificada"|"Sin Modalidad"|"3"|"2024"|"MDSG-CS"|"CONTRATACIÓN DE SUMINISTRO DE BIENES ¿SUMINISTRO DE ALIMENTOS DEL PROGRAMA DE VASO DE LECHE PARA LOS BENEFICIARIOS DEL DISTRITO DE SAN GABAN ¿ PROVINCIA DE CARABAYA, DEPARTAMENTO DE PUNO - AÑO 2024"|"AS-SM-3-2024-MDSG-CS-1"|"Bien"|"---"|""|"05/03/2024 18:14:00"|"06/03/2024 00:01:00"|"13/03/2024 23:59:00"|"14/03/2024 00:01:00"|null|"4933b3f5-b281-43c4-8a1e-96f23141646d"|"1"|"CONTRATACIÓN DE SUMINISTRO DE BIENES SUMINISTRO DE ALIMENTOS DEL PROGRAMA DE VASO DE LECHE PARA LOS BENEFICIARIOS DEL DISTRITO DE SAN GABAN ¿ PROVINCIA DE CARABAYA, DEPARTAMENTO DE PUNO - AÑO 2024"|"1"|" "|"Soles"|"1.00"|"---"|"PAQUETE"
"MUNICIPALIDAD DISTRITAL DE SAN JOSE - AZANGARO"|"Adjudicación Simplificada"|"Sin Modalidad"|"2"|"2024"|"MDSJ/CS"|"ADQUISICION DE TRACTYOR AGRICOLA CON IMPLEMENTOS, SEGUN ESPECIFICACIONES TECNICAS PARA EL PROYECTO MEJORAMIENTO DE LOS SERVICIOS DE APOYO AL DESARROLLO PRODUCTIVO EN INNOVACION TECNOLOGICA EN LA CADENA PRODUCTIVA AGRICOLA  EN LAS COMUNIDADES DEL   DISTRITO DE SAN JOSE DE LA PROVINCIA DE AZANGARO DEL DEPARTAMENTO DE PUNO"|"AS-SM-2-2024-MDSJ/CS-1"|"Bien"|"---"|""|"08/03/2024 22:46:00"|"09/03/2024 00:01:00"|"17/03/2024 23:59:00"|"18/03/2024 00:01:00"|null|"77dbf396-8703-4f19-afc7-00efee0947fa"|"1"|"ADQUISICION DE TRACTOR AGRICOLA CON IMPLEMENTOS, SEGUN ESPECIFICACIONES TECNICAS PARA EL PROYECTO MEJORAMIENTO DE LOS SERVICIOS DE APOYO AL DESARROLLO PRODUCTIVO EN INNOVACION TECNOLOGICA EN LA CADENA PRODUCTIVA AGRICOLA EN LAS COMUNIDADES DEL DISTRI"|"1"|" "|"Soles"|"1.00"|"---"|"PAQUETE"
"MUNICIPALIDAD DISTRITAL DE SAN JOSE - AZANGARO"|"Adjudicación Simplificada"|"Sin Modalidad"|"3"|"2024"|"MDSJ/CS"|"ADQUISICION DE EMPACADORA FORRAJERA PARA EL PROYECTO MEJORAMIENTO DE LOS SERVICIOS DE APOYO AL DESARROLLO PRODUCTIVO EN LA CADENA PRODUCTIVA PECUARIA DEL   DISTRITO DE SAN JOSE DE LA PROVINCIA DE AZANGARO DEL DEPARTAMENTO DE PUNO"|"AS-SM-3-2024-MDSJ/CS-1"|"Bien"|"---"|""|"08/03/2024 22:47:00"|"09/03/2024 00:01:00"|"17/03/2024 23:59:00"|"18/03/2024 00:01:00"|null|"e06d9839-6f19-4e83-9f93-943cf9cef5da"|"1"|"ADQUISICION DE EMPACADORA FORRAJERA PARA EL PROYECTO MEJORAMIENTO DE LOS SERVICIOS DE APOYO AL DESARROLLO PRODUCTIVO EN LA CADENA PRODUCTIVA PECUARIA DEL   DISTRITO DE SAN JOSE DE LA PROVINCIA DE AZANGARO DEL DEPARTAMENTO DE PUNO"|"1"|"Unidad"|"Soles"|"1.00"|"---"|"ITEM"
"MUNICIPALIDAD DISTRITAL DE SANTIAGO DE PUPUJA"|"Adjudicación Simplificada"|"Sin Modalidad"|"2"|"2024"|"MDSP/CS"|"CONSULTORIA DE OBRA PARA LA REFORMULACIÓN  DE LA ELABORACION DEL EXPEDIENTE TECNICO MEJORAMIENTO DE LOS SERVICIOS  EDUCATIVOS EN LA  I.E.  PRIMARIA 72048 DE LA COMUNIDAD CAMPESINA DE CALLAPANI, DISTRITO DE SANTIAGO DE PUPUJA"|"AS-SM-2-2024-MDSP/CS-1"|"Consultoría de Obra"|"220000.00"|"Soles"|"13/03/2024 11:56:00"|"14/03/2024 00:01:00"|"21/03/2024 23:59:00"|"22/03/2024 00:01:00"|null|"d83b29f7-ebaf-4355-821f-97433911b0b0"|"1"|"CONSULTORIA DE OBRA PARA LA REFORMULACIÓN  DE LA ELABORACION DEL EXPEDIENTE TECNICO MEJORAMIENTO DE LOS SERVICIOS  EDUCATIVOS EN LA  I.E.  PRIMARIA 72048 DE LA COMUNIDAD CAMPESINA DE CALLAPANI, DISTRITO DE SANTIAGO DE PUPUJA"|"1"|"Servicio"|"Soles"|"1.00"|"220000.00"|"ITEM"
"MUNICIPALIDAD DISTRITAL DE ZEPITA"|"Licitación Pública"|"Sin Modalidad"|"1"|"2024"|"MDZ/CS"|"CONTRATACIÓN DE BIENES: MAQUINARIAS: TRACTORES AGRÍCOLAS, E IMPLEMENTOS, SEGÚN ESPECIFICACIONES TÉCNICAS - EETT, PARA EL PROYECTO DENOMINADO: ""MEJORAMIENTO DE LA CAPACIDAD OPERATIVA MECÁNICA DE LA LOCALIDAD DE ZEPITA, DISTRITO DE ZEPITA - CHUCUITO - PUNO"", CON CUI Nº 2291734"|"LP-SM-1-2024-MDZ/CS-1"|"Bien"|"---"|""|"12/03/2024 23:30:00"|"13/03/2024 00:01:00"|"14/04/2024 23:59:00"|"15/04/2024 00:01:00"|null|"35c54689-1f14-41fa-bcde-1c10aeeac9f8"|"1"|"CONTRATACIÓN DE BIENES: MAQUINARIAS: TRACTORES AGRÍCOLAS, E IMPLEMENTOS, SEGÚN ESPECIFICACIONES TÉCNICAS, PARA EL PROYECTO DENOMINADO: ¿MEJORAMIENTO DE LA CAPACIDAD OPERATIVA MECÁNICA DE LA LOCALIDAD DE ZEPITA, DISTRITO DE ZEPITA - CHUCUITO ¿ PUNO""."|"1"|" "|"Soles"|"1.00"|"---"|"PAQUETE"
"MUNICIPALIDAD PROVINCIAL DE AZANGARO"|"Subasta Inversa Electrónica"|"Subasta Inversa Electrónica"|"5"|"2024"|"MPA/OEC"|"ADQUISICION DE CEMENTO PORTLAND TIPO IP (42.5KG) PARA LA OBRA ¿MEJORAMIENTO DE LOS SERVICIOS OPERATIVOS O MISIONALES INSTITUCIONALES EN EL CENTRO DE MAESTRANZA EL DISTRITO DE AZANGARO, PROVINCIA DE AZANGARO DEL DEPARTAMENTO DE PUNO¿.."|"SIE-SIE-5-2024-MPA/OEC-1"|"Bien"|"---"|""|"06/03/2024 19:38:00"|"07/03/2024 00:01:00"|"13/03/2024 23:59:00"|"07/03/2024 00:01:00"|null|"381a8402-c87d-47ef-9b5f-2dd3e39a9356"|"1"|"CEMENTO PORTLAND"|"10475"|"Unidad"|"Soles"|"1.00"|"---"|"ITEM"
"MUNICIPALIDAD PROVINCIAL DE AZANGARO"|"Subasta Inversa Electrónica"|"Subasta Inversa Electrónica"|"6"|"2024"|"MPA/OEC"|"ADQUISICION DE VARILLAS DE ACERO PARA LA OBRA ¿MEJORAMIENTO DE LOS SERVICIOS OPERATIVOS O MISIONALES INSTITUCIONALES EN EL CENTRO DE MAESTRANZA EL DISTRITO DE AZANGARO, PROVINCIA DE AZANGARO DEL DEPARTAMENTO DE PUNO¿.."|"SIE-SIE-6-2024-MPA/OEC-1"|"Bien"|"---"|""|"06/03/2024 20:05:00"|"07/03/2024 00:01:00"|"13/03/2024 23:59:00"|"07/03/2024 00:01:00"|null|"6fb08502-5793-4a02-9498-d4410ab7ade8"|"1"|"ADQUISICION DE BARILLA DE ACERO"|"28308"|" "|"Soles"|"1.00"|"---"|"PAQUETE"
"MUNICIPALIDAD PROVINCIAL DE AZANGARO"|"Adjudicación Simplificada"|"Sin Modalidad"|"4"|"2024"|"MPA/CS"|"ADQUISICIÓN DE SUMINISTRO DE LECHE EVAPORADA X 400 GR. PARA BRINDAR ASISTENCIA ALIMENTARIA A BENEFICIARIOS DE PROGRAMA VASO DE LECHE PARA EL AÑO 2024."|"AS-SM-4-2024-MPA/CS-1"|"Bien"|"---"|""|"06/03/2024 21:19:00"|"07/03/2024 00:01:00"|"13/03/2024 23:59:00"|"14/03/2024 00:01:00"|null|"6f2dcee2-0756-464b-a3c8-bc14148f10c7"|"1"|"ADQUISICIÓN DE LECHE EVAPORADA X 400 GR."|"80045"|"Unidad"|"Soles"|"1.00"|"---"|"ITEM"
"MUNICIPALIDAD PROVINCIAL DE AZANGARO"|"Adjudicación Simplificada"|"Sin Modalidad"|"5"|"2024"|"MPA/CS"|"ADQUISICIÓN DE SUMINISTRO DE AVENA ENRIQUECIDA CON VITAMINAS Y MINERALES, PARA BRINDAR ASISTENCIA ALIMENTARIA A BENEFICIARIOS DE PROGRAMA VASO DE LECHE PARA EL AÑO 2024"|"AS-SM-5-2024-MPA/CS-1"|"Bien"|"---"|""|"06/03/2024 21:20:00"|"07/03/2024 00:01:00"|"13/03/2024 23:59:00"|"14/03/2024 00:01:00"|null|"41db25db-fbbc-472d-9edb-9a40fddd2aa6"|"1"|"ADQUISICIÓN DE AVENA ENRIQUECIDA CON VITAMINAS Y MINERALES."|"39849"|"Kilogramo"|"Soles"|"1.00"|"---"|"ITEM"
"MUNICIPALIDAD PROVINCIAL DE AZANGARO"|"Licitación Pública"|"Sin Modalidad"|"1"|"2024"|"MPA/C.S."|"ADQUISICION DE CARPETA ASFALTICA A TODOS COSTO PARA LA OBRA ¿MEJORAMIENTO DE TRANSITABILIDAD VEHICULAR Y PEATONAL EN LAS VIAS URBANAS DEL BARRIO LIZANDRO LUNA (JR. CAYRAHUIRI, JR SUCRE, JR JORGE CHAVEZ, AV MIGUEL GRAU, PROLONGACION, JR RAUL CANCAPA HUARICALLO DEL DISTRITO DE AZANGARO-PROVINCIA DE AZANGARO- DEPARTAMENTO DE PUNO"""|"LP-SM-1-2024-MPA/C.S.-1"|"Bien"|"---"|""|"08/03/2024 16:32:00"|"09/03/2024 00:01:00"|"10/04/2024 23:59:00"|"11/04/2024 00:01:00"|null|"4f800168-91b5-4d27-ad04-25cc2f2141b7"|"1"|"ADQUISICION DE CARPETA ASFALTICA"|"7338.08"|"M2"|"Soles"|"1.00"|"---"|"ITEM"
"MUNICIPALIDAD PROVINCIAL DE CHUCUITO - JULI"|"Subasta Inversa Electrónica"|"Subasta Inversa Electrónica"|"7"|"2024"|"MPCH-J/OEC"|"ADQUISICION DE SUMINISTRO DE COMBUSTIBLE PARA EL USO DE LAS DIFERENTES DEPENDENCIAS DE LA MUNICIPALIDAD PROVINCIAL DE CHUCUITO JULI"|"SIE-SIE-7-2024-MPCH-J/OEC-1"|"Bien"|"---"|""|"07/03/2024 23:28:00"|"08/03/2024 00:01:00"|"15/03/2024 23:59:00"|"08/03/2024 00:01:00"|null|"aac20788-b550-417a-9cc3-c97238b2e536"|"1"|"ADQUISICION DE SUMINISTRO DE COMBUSTIBLE PARA EL USO DE LAS DIFERENTES DEPENDENCIAS DE LA MUNICIPALIDAD PROVINCIAL DE CHUCUITO JULI"|"9150"|"Galon"|"Soles"|"1.00"|"---"|"ITEM"
"MUNICIPALIDAD PROVINCIAL DE CHUCUITO - JULI"|"Subasta Inversa Electrónica"|"Subasta Inversa Electrónica"|"7"|"2024"|"MPCH-J/OEC"|"ADQUISICION DE SUMINISTRO DE COMBUSTIBLE PARA EL USO DE LAS DIFERENTES DEPENDENCIAS DE LA MUNICIPALIDAD PROVINCIAL DE CHUCUITO JULI"|"SIE-SIE-7-2024-MPCH-J/OEC-1"|"Bien"|"---"|""|"07/03/2024 23:28:00"|"08/03/2024 00:01:00"|"15/03/2024 23:59:00"|"08/03/2024 00:01:00"|null|"aac20788-b550-417a-9cc3-c97238b2e536"|"2"|"ADQUISICION DE SUMINISTRO DE COMBUSTIBLE GASOHOL REGULAR PARA EL USO DE LAS DIFERENTES DEPENDENCIAS DE LA MUNICIPALIDAD PROVINCIAL DE CHUCUITO JULI"|"2830"|"Galon"|"Soles"|"1.00"|"---"|"ITEM"
"MUNICIPALIDAD PROVINCIAL DE EL COLLAO - ILAVE"|"Licitación Pública"|"Sin Modalidad"|"1"|"2024"|"MPCI/CS"|"ADQUISICIÓN DE SUMINISTRO DE LECHE EVAPORADA ENTERA DE 400 GR. A MAS PARA EL PROGRAMA VASO DE LECHE DE LA MUNICIPALIDAD PROVINCIAL DE EL COLLAO - ILAVE - 2024."|"LP-SM-1-2024-MPCI/CS-1"|"Bien"|"---"|""|"06/03/2024 22:30:00"|"07/03/2024 00:01:00"|"08/04/2024 23:59:00"|"09/04/2024 00:01:00"|null|"6d194e40-d374-446f-84e3-11f4d4765384"|"1"|"ADQUISICIÓN DE SUMINISTRO DE LECHE EVAPORADA ENTERA DE 400 GR. A MAS PARA EL PROGRAMA VASO DE LECHE DE LA MUNICIPALIDAD PROVINCIAL DE EL COLLAO - ILAVE - 2024."|"177006"|"Unidad"|"Soles"|"1.00"|"---"|"ITEM"
"MUNICIPALIDAD PROVINCIAL DE EL COLLAO - ILAVE"|"Subasta Inversa Electrónica"|"Subasta Inversa Electrónica"|"3"|"2024"|"MPCI/OEC"|"CONTRATACION DE BIENES CONSISTENTE EN LA ADQUISICION DE CEMENTO PORLAND TIPO IP PARA LA OBRA MEJORAMIENTO DEL SERVICIO DE MOVILIDAD URBANA EN EL JR. SANTA BARBARA (CUADRA 4 Y 5) Y AV. EL NIÑO (CUADRA 2,3 Y 5) DE LA CIUDAD DE ILAVE DEL DISTRITO DE ILAVE DE LA PROVINCIA DE EL COLLAO DEL DEPARTAMENTO DE PUNO."|"SIE-SIE-3-2024-MPCI/OEC-1"|"Bien"|"---"|""|"08/03/2024 22:05:00"|"11/03/2024 00:01:00"|"15/03/2024 23:59:00"|"11/03/2024 00:01:00"|null|"926a9451-ab78-4fec-8cd0-deeb08dbbd0a"|"1"|"CONTRATACION DE BIENES CONSISTENTE EN LA ADQUISICION DE CEMENTO PORLAND TIPO IP PARA LA OBRA MEJORAMIENTO DEL SERVICIO DE MOVILIDAD URBANA EN EL JR. SANTA BARBARA (CUADRA 4 Y 5) Y AV. EL NIÑO (CUADRA 2,3 Y 5) DE LA CIUDAD DE ILAVE DEL DISTRITO DE ILAVE DE LA PROVINCIA DE EL COLLAO DEL DEPARTAMENTO DE PUNO."|"167450"|"Kilogramo"|"Soles"|"1.00"|"---"|"ITEM"
"MUNICIPALIDAD PROVINCIAL DE HUANCANE"|"Adjudicación Simplificada"|"Sin Modalidad"|"2"|"2024"|"MPH/OEC"|"ADQUISICION DE BIENES HOJUELA DE AVENA PRECOCIDA ENRIQUECIDA CON VITAMINAS Y MINERALES PARA EL PROGRAMA DE VASO DE LECHE PARA EL AÑO FISCAL 2024"|"AS-SM-2-2024-MPH/OEC-1"|"Bien"|"---"|""|"07/03/2024 23:00:00"|"08/03/2024 00:01:00"|"14/03/2024 23:59:00"|"15/03/2024 00:01:00"|null|"dc715a17-25de-4566-8f5f-5edc0e2dbbfc"|"1"|"ADQUISICION DE BIENES HOJUELAS DE AVENA PRECOCIDA ENRIQUECIDA CON VITAMINAS Y MINERALES PARA EL PROGRAMA VASO DE LECHE PARA EL AÑO FISCAL 2024"|"14553.60"|"Kilogramo"|"Soles"|"1.00"|"---"|"ITEM"
"MUNICIPALIDAD PROVINCIAL DE HUANCANE"|"Subasta Inversa Electrónica"|"Subasta Inversa Electrónica"|"1"|"2024"|"MPH/OEC"|"ADQUISICION DE SUMINISTRO DE COMBUSTIBLE PARA LAS DIFERENTES GERENCIAS, SUB GERENCIAS, OFICINAS, UNIDADES DE LA MUNICIPALIDAD PROVINCIAL DE HUANCANE"|"SIE-SIE-1-2024-MPH/OEC-1"|"Bien"|"---"|""|"08/03/2024 22:48:00"|"11/03/2024 00:01:00"|"15/03/2024 23:59:00"|"11/03/2024 00:01:00"|null|"3f6d7d0b-4f9e-41ee-af23-90a3e1082e50"|"1"|"ADQUISICION DE SUMINISTRO DE COMBUSTIBLE PARA LAS DIFERENTES GERENCIAS, SUB GERENCIAS, OFICINAS, UNIDADES DE LA MUNICIPALIDAD PROVINCIAL DE HUANCANE"|"14872"|" "|"Soles"|"1.00"|"---"|"PAQUETE"
"MUNICIPALIDAD PROVINCIAL DE HUANCANE"|"Adjudicación Simplificada"|"Sin Modalidad"|"3"|"2024"|"MPH/OEC"|"ADQUISICION DE BIENES MORON ENTERO DE CEBADA PARA LA OFICINA DE PROGRAMA DE COMPLEMENTACION ALIMENTARIA DE LA MUNICIPALIDAD PROVINCIAL DE HUANCANE"|"AS-SM-3-2024-MPH/OEC-1"|"Bien"|"---"|""|"12/03/2024 23:36:00"|"13/03/2024 00:01:00"|"19/03/2024 23:59:00"|"20/03/2024 00:01:00"|null|"7c5f0c0d-7ccf-43a8-9a6f-41ef9f3ff887"|"1"|"ADQUISICION DE BIENES MORON ENTERO DE CEBADA PARA LA OFICINA DE PROGRAMA DE COMPLEMENTACION ALIMENTARIA DE LA MUNICIPALIDAD PROVINCIAL DE HUANCANE"|"14653.13"|"Kilogramo"|"Soles"|"1.00"|"---"|"ITEM"
"MUNICIPALIDAD PROVINCIAL DE MELGAR - AYAVIRI"|"Adjudicación Simplificada"|"Sin Modalidad"|"23"|"2024"|"MPM-A/CS"|"CONTRATACION DE CONSULTORIA PARA LA ELABORACION DEL EXPEDIENTE TECNICO:  MEJORAMIENTO DEL SERVICIO EDUCATIVO DE LA IEP N° 70479 DE LA LOCALIDAD DE NUÑOA DEL DISTRITO DE NUÑOA- PROVINCIA DE MELGAR- DEPARTAMENTO DE PUNO, CUI N° 2558068."|"AS-SM-23-2023-MPM-A/CS-1"|"Consultoría de Obra"|"149414.48"|"Soles"|"28/02/2024 18:56:00"|"29/02/2024 00:01:00"|"14/03/2024 23:59:00"|"15/03/2024 00:01:00"|null|"4be4f57c-74c3-4dbc-8b22-f7441de4543f"|"1"|"CONTRATACION DE CONSULTORIA PARA LA ELABORACION DEL EXPEDIENTE TECNICO: 
MEJORAMIENTO DEL SERVICIO EDUCATIVO DE LA IEP N° 70479 DE LA LOCALIDAD DE NUÑOA DEL DISTRITO DE NUÑOA- PROVINCIA DE MELGAR- DEPARTAMENTO DE PUNO, CUI N° 2558068."|"1"|"Servicio"|"Soles"|"1.00"|"149414.48"|"ITEM"
"MUNICIPALIDAD PROVINCIAL DE MOHO"|"Subasta Inversa Electrónica"|"Subasta Inversa Electrónica"|"2"|"2024"|"MPM/CS"|"ADQUISICION DE ARROZ PILADO EXTRA PARA EL PROGRAMA DE COMPLEMENTACION ALIMENTARIA DE LA MUNICIPALIDAD PROVINCIAL DE MOHO"|"SIE-SIE-2-2024-MPM/CS-1"|"Bien"|"---"|""|"06/03/2024 19:57:00"|"07/03/2024 00:01:00"|"13/03/2024 23:59:00"|"07/03/2024 00:01:00"|null|"2c1aff7d-fd23-463d-995e-4e1b916d0c67"|"1"|"ADQUISICION DE ARROZ PILADO EXTRA PARA EL PROGRAMA DE COMPLEMENTACION ALIMENTARIA DE LA MUNICIPALIDAD PROVINCIAL DE MOHO"|"14794"|"Kilogramo"|"Soles"|"1.00"|"---"|"ITEM"
"MUNICIPALIDAD PROVINCIAL DE MOHO"|"Subasta Inversa Electrónica"|"Subasta Inversa Electrónica"|"3"|"2024"|"MPM/CS"|"ADQUISICION DE ANCHOVETA ENTERA EN SALSA DE TOMATE X 425 GR PARA EL PROGRAMA DE COMPLEMENTACION ALIMENTARIA DE LA MUNICIPALIDAD PROVINCIAL DE MOHO."|"SIE-SIE-3-2024-MPM/CS-1"|"Bien"|"---"|""|"06/03/2024 20:13:00"|"07/03/2024 00:01:00"|"13/03/2024 23:59:00"|"07/03/2024 00:01:00"|null|"9883e684-e091-45e5-8591-f8a4b847acff"|"1"|"ADQUISICION DE ANCHOVETA ENTERA EN SALSA DE TOMATE X 425 GR PARA EL PROGRAMA DE COMPLEMENTACION ALIMENTARIA DE LA MUNICIPALIDAD PROVINCIAL DE MOHO."|"6786"|"Unidad"|"Soles"|"1.00"|"---"|"ITEM"
"MUNICIPALIDAD PROVINCIAL DE MOHO"|"Subasta Inversa Electrónica"|"Subasta Inversa Electrónica"|"4"|"2024"|"MPM/CS"|"ADQUISICION DE QUINUA ENTERA PELADA PARA EL PROGRAMA DE COMPLEMENTACION ALIMENTARIA DE LA MUNICIPALIDAD PROVINCIAL DE MOHO"|"SIE-SIE-4-2024-MPM/CS-1"|"Bien"|"---"|""|"06/03/2024 20:45:00"|"07/03/2024 00:01:00"|"13/03/2024 23:59:00"|"07/03/2024 00:01:00"|null|"50a1655e-4719-4ba9-9fbc-17a8b0488a98"|"1"|"ADQUISICION DE QUINUA ENTERA PELADA PARA EL PROGRAMA DE COMPLEMENTACION ALIMENTARIA DE LA MUNICIPALIDAD PROVINCIAL DE MOHO"|"5554"|"Kilogramo"|"Soles"|"1.00"|"---"|"ITEM"
"MUNICIPALIDAD PROVINCIAL DE PUNO"|"Adjudicación Simplificada"|"Sin Modalidad"|"2"|"2024"|"MPP/CS"|"CONTRATACION PARA LA EJECUCION DE OBRA: ""CREACION DEL PARQUE INFANTIL  EN LA URBANIZACION CHANU CHANU III ETAPA DE LA CIUDAD DE PUNO- DISTRITO DE PUNO. PROVINCIA DE PUNO- DEPARTAMENTO DE PUNO"", CON CUI N° 2512221."|"AS-SM-2-2024-MPP/CS-1"|"Obra"|"292542.54"|"Soles"|"11/03/2024 22:03:00"|"12/03/2024 00:01:00"|"19/03/2024 23:59:00"|"20/03/2024 00:01:00"|null|"6042deeb-7237-4865-9d43-f2d44cb61316"|"1"|"CONTRATACION PARA LA EJECUCION DE OBRA:  CREACION DEL PARQUE INFANTIL  EN LA URBANIZACION CHANU CHANU III ETAPA DE LA CIUDAD DE PUNO- DISTRITO DE PUNO. PROVINCIA DE PUNO- DEPARTAMENTO DE PUNO."|"1"|"Servicio"|"Soles"|"1.00"|"292542.54"|"ITEM"
"MUNICIPALIDAD PROVINCIAL DE PUNO"|"Adjudicación Simplificada"|"Sin Modalidad"|"4"|"2024"|"MPP/CS"|"CONTRATACION  PARA LA EJECUCION DE OBRA: CREACION DE LOSA RECREACIONAL  MULTIUSO: EL BICENTENARIO EN LA URBANIZACION VILLA LA FLORIDA DE LA CIUDAD D E PUNO- DISTRITO DE PUNO- PROVINCIA DE PUNO- DEPARTAMENTO DE PUNO, CON CUI N° 2512216"|"AS-SM-4-2024-MPP/CS-1"|"Obra"|"1040296.47"|"Soles"|"11/03/2024 22:44:00"|"12/03/2024 00:01:00"|"19/03/2024 23:59:00"|"20/03/2024 00:01:00"|null|"1b2d2172-d271-4980-acc1-1ca5293c51ee"|"1"|"CREACION DE LOSA RECREACIONAL  MULTIUSO: EL BICENTENARIO EN LA URBANIZACION VILLA LA FLORIDA DE LA CIUDAD D E PUNO- DISTRITO DE PUNO- PROVINCIA DE PUNO- DEPARTAMENTO DE PUNO"|"1"|"Unidad"|"Soles"|"1.00"|"1040296.47"|"ITEM"
"MUNICIPALIDAD PROVINCIAL DE PUNO"|"Adjudicación Simplificada"|"Sin Modalidad"|"1"|"2024"|"MPP/CS"|"CONTRATACION PARA LA EJECUCION DE OBRA: CREACION DEL PARQUE RECREACIONAL LA FRATERNIDAD DEL BARRIO SAN MIGUEL,  DISTRITO DE PUNO - PROVINCIA DE PUNO - DEPARTAMENTO DE PUNO"|"AS-SM-1-2024-MPP/CS-1"|"Obra"|"282295.07"|"Soles"|"12/03/2024 17:41:00"|"13/03/2024 00:01:00"|"20/03/2024 23:59:00"|"21/03/2024 00:01:00"|null|"7c34b9a6-a388-4ed6-9e98-f301f1c19430"|"1"|"CONTRATACION PARA LA EJECUCION DE OBRA: CREACION DEL PARQUE RECREACIONAL LA FRATERNIDAD DEL BARRIO SAN MIGUEL, DISTRITO DE PUNO, PROVINCIA DE PUNO- DEPARTAMENTO DE PUNO"|"1"|"Unidad"|"Soles"|"1.00"|"282295.07"|"ITEM"
"MUNICIPALIDAD PROVINCIAL DE PUNO"|"Adjudicación Simplificada"|"Sin Modalidad"|"5"|"2024"|"MPP/CS"|"CONTRATACION PARA LA EJECUCION DE OBRA: MEJORAMIENTO DE LOS JIRONES MANUEL PINO, LOS ANDES, ONDA AZUL, LOS ROSALES, LA UNION Y PASAJE VISTA ALEGRE DEL BARRIO JOSE ANTONIO ENCINAS DE LA CIUDAD DE PUNO- PROVINCIA DE PUNO- DEPARTAMENTO DE PUNO"|"AS-SM-5-2024-MPP/CS-1"|"Obra"|"1493927.59"|"Soles"|"12/03/2024 18:16:00"|"13/03/2024 00:01:00"|"20/03/2024 23:59:00"|"21/03/2024 00:01:00"|null|"8d18c156-0648-41bf-bac1-d811660a8b62"|"1"|"CONTRATACION PARA LA EJECUCION DE OBRA: MEJORAMIENTO DE LOS JIRONES MANUEL PINO, LOS ANDES, ONDA AZUL, LOS ROSALES, LA UNION Y PASAJE VISTA ALEGRE DEL BARRIO JOSE ANTONIO ENCINAS DE LA CIUDAD DE PUNO- PROVINCIA DE PUNO- DEPARTAMENTO DE PUNO"|"1"|"Unidad"|"Soles"|"1.00"|"1493927.59"|"ITEM"
"MUNICIPALIDAD PROVINCIAL DE PUNO"|"Licitación Pública"|"Sin Modalidad"|"1"|"2024"|"MPP/CS"|"ADQUISICION DE INSUMO PARA EL PROGRAMA DE VASO DE LECHE - PVL 2024, LECHE EVAPORADA ENTERA X 400 G APROX A MAS, SEGUN ESPECIFICACIONES TECNICAS."|"LP-SM-1-2024-MPP/CS-1"|"Bien"|"---"|""|"13/03/2024 21:41:00"|"14/03/2024 00:01:00"|"15/04/2024 23:59:00"|"16/04/2024 00:01:00"|null|"e0273567-9606-4379-8a98-6cc4669f4e6f"|"1"|"CONTRATACION DE BIENES: LECHE EVAPORADA ENTERA  X 400 G. APROX A MAS, PARA EL PROGRAMA VASO DE LECHE, SEGUN ESPECIFICACIONES TECNICAS"|"211200"|"Unidad"|"Soles"|"1.00"|"---"|"ITEM"
"MUNICIPALIDAD PROVINCIAL DE PUNO"|"Adjudicación Simplificada"|"Sin Modalidad"|"6"|"2024"|"MPP/CS"|"ADQUISICION DE INSUMOS PARA EL PROGRAMA DE VASO DE LECHE - PVL 2024 HOJUELA DE AVENA 68.2% Y HARINA DE CEBADA TOSTADA AL 31.8%, SEGÚN ESPECIFICACIONES TECNICAS."|"AS-SM-6-2024-MPP/CS-1"|"Bien"|"---"|""|"13/03/2024 22:18:00"|"14/03/2024 00:01:00"|"21/03/2024 23:59:00"|"22/03/2024 00:01:00"|null|"00e30266-9d08-447f-8a64-ae251f6c1a4f"|"1"|"ADQUISICION DE INSUMOS PARA EL PROGRAMA DE VASO DE LECHE- PVL- 2024 HOJUELA DE AVENA 68.2 Y HARINA DE CEBADA  TOSTADA AL 31.8, SEGUN ESPECIFICACIONES TECNICAS, PARA EL PROGRAMA VASO DE LECHE DE LA MUNICIPALIDAD PROVINCIAL DE PUNO."|"58080"|"Kilogramo"|"Soles"|"1.00"|"---"|"ITEM"
"MUNICIPALIDAD PROVINCIAL DE PUNO"|"Adjudicación Simplificada"|"Sin Modalidad"|"21"|"2024"|"MPP/CS"|"CONTRATACIÓN DE BIENES: CESPED SINTETICO, INCLUYE ACCESORIOS, INSTALACION Y COLOCACION, A TODO COSTO, SEGÚN ESPECIFICACIONES TÉCNICAS, PARA LA OBRA: CREACION SERVICIO DEPORTIVO Y RECREATIVO EN LA URBANIZACIÓN CIUDAD JARDÍN - AZIRUNI III ETAPA DEL CENTRO POBLADO JAYLLIHUAYA DEL DISTRITO DE PUNO - PRO"|"AS-SM-21-2023-MPP/CS-3"|"Bien"|"---"|""|"23/02/2024 17:56:00"|"24/02/2024 00:01:00"|"13/03/2024 23:59:00"|"14/03/2024 00:01:00"|null|"2eab304e-7c0b-49dc-8aa3-4ab298a8c32d"|"1"|"CONTRATACIÓN DE BIENES CESPED SINTETICO INCLUYE ACCESORIOS INSTALACION Y COLOCACION A TODO COSTO SEGÚN ESPECIFICACIONES TÉCNICAS PARA LA OBRA CREACION SERVICIO DEPORTIVO Y RECREATIVO EN LA URBANIZACIÓN CIUDAD JARDÍN AZIRUNI III ETAPA DEL CENTRO POBLADO JAYLLIHUAYA DEL DISTRITO DE PUNO PROVINCIA DE PUNO DEPARTAMENTO DE PUNO CON CUI NRO 2570025"|"1815"|"M2"|"Soles"|"1.00"|"---"|"ITEM"
"MUNICIPALIDAD PROVINCIAL DE SAN ROMAN - JULIACA"|"Licitación Pública"|"Sin Modalidad"|"5"|"2023"|"MPSR-J"|"ADQUISICIÓN DE CAMIONES COMPACTADOR CON ALZA CONTENEDOR PARA EL PROYECTO: ""ADQUISICION DE CAMION COMPACTADOR, CONTENEDOR, TRIMOVIL Y COCHE DE BARRIDO; ADEMÁS DE OTROS ACTIVOS EN EL(LA) UNIDAD DE GESTION DE RESIDUOS SOLIDOS (UGRS) DE LA MUNICIPALIDAD PROVINCIAL DE SAN ROMAN - JULIACA DEL DISTRITO DE"|"LP-SM-5-2023-MPSR-J-1"|"Bien"|"---"|""|"04/09/2023 15:39:00"|"05/09/2023 00:01:00"|"17/03/2024 23:59:00"|"18/03/2024 00:01:00"|"Presentación de propuestas"|"64e7f0ea-45d6-4fed-a353-0fea9bea9add"|"1"|"ADQUISICIÓN DE CAMIONES COMPACTADOR CON ALZA CONTENEDOR PARA EL PROYECTO: ""ADQUISICION DE CAMION COMPACTADOR, CONTENEDOR, TRIMOVIL Y COCHE DE BARRIDO; ADEMÁS DE OTROS ACTIVOS EN EL(LA) UNIDAD DE GESTION DE RESIDUOS SOLIDOS (UGRS) DE LA MUNICIPALIDAD"|"7"|"Unidad"|"Soles"|"1.00"|"---"|"ITEM"
"MUNICIPALIDAD PROVINCIAL DE SAN ROMAN - JULIACA"|"Adjudicación Simplificada"|"Sin Modalidad"|"3"|"2024"|"MPSR-J"|"EJECUCIÓN DE LA OBRA: CREACIÓN DE LA INFRAESTRUCTURA PARA EL SERVICIO DE ESPACIOS PÚBLICOS URBANOS DE RECREACIÓN ACTIVA EN LA URBANIZACIÓN ESPINAL DEL DISTRITO DE JULIACA - PROVINCIA DE SAN ROMÁN - DEPARTAMENTO DE PUNO."|"AS-SM-3-2024-MPSR-J-1"|"Obra"|"407113.98"|"Soles"|"07/03/2024 17:04:00"|"08/03/2024 00:01:00"|"19/03/2024 23:59:00"|"20/03/2024 00:01:00"|null|"02311ff5-a6df-4051-aa6b-3059dfdd60e7"|"1"|"EJECUCIÓN DE LA OBRA: CREACIÓN DE LA INFRAESTRUCTURA PARA EL SERVICIO DE ESPACIOS PÚBLICOS URBANOS DE RECREACIÓN ACTIVA EN LA URBANIZACIÓN ESPINAL DEL DISTRITO DE JULIACA - PROVINCIA DE SAN ROMÁN - DEPARTAMENTO DE PUNO."|"1"|"Servicio"|"Soles"|"1.00"|"407113.98"|"ITEM"
"MUNICIPALIDAD PROVINCIAL DE SAN ROMAN - JULIACA"|"Adjudicación Simplificada"|"Sin Modalidad"|"2"|"2024"|"MPSR-J"|"EJECUCION DE LA OBRA: MEJORAMIENTO DEL SERVICIO DE ESPACIOS PÚBLICOS DE RECREACIÓN PASIVA EN LA URBANIZACIÓN SAN PEDRO DEL DISTRITO DE JULIACA - PROVINCIA DE SAN ROMÁN - DEPARTAMENTO DE PUNO."|"AS-SM-2-2024-MPSR-J-1"|"Obra"|"462989.99"|"Soles"|"07/03/2024 20:03:00"|"08/03/2024 00:01:00"|"19/03/2024 23:59:00"|"20/03/2024 00:01:00"|null|"0f79747f-0eb9-4038-86ed-89dd79297608"|"1"|"EJECUCION DE LA OBRA: MEJORAMIENTO DEL SERVICIO DE ESPACIOS PÚBLICOS DE RECREACIÓN PASIVA EN LA URBANIZACIÓN SAN PEDRO DEL DISTRITO DE JULIACA - PROVINCIA DE SAN ROMÁN - DEPARTAMENTO DE PUNO."|"1"|"Servicio"|"Soles"|"1.00"|"462989.99"|"ITEM"
"MUNICIPALIDAD PROVINCIAL DE SAN ROMAN - JULIACA"|"Adjudicación Simplificada"|"Sin Modalidad"|"10"|"2024"|"MPSR-J"|"EJECUCIÓN DE LA OBRA: MEJORAMIENTO DEL SERVICIO DE MOVILIDAD URBANA EN LAS URBANIZACIONES SAN JULIAN, SANTA MÓNICA I Y II DEL DISTRITO DE JULIACA - PROVINCIA DE SAN ROMÁN DEL DEPARTAMENTO DE PUNO - II ETAPA CUI N° 2484626"|"AS-SM-10-2024-MPSR-J-1"|"Obra"|"2712200.17"|"Soles"|"08/03/2024 18:38:00"|"09/03/2024 00:01:00"|"20/03/2024 23:59:00"|"21/03/2024 00:01:00"|null|"0257bedc-e262-40bb-a8e0-3f96757af594"|"1"|"EJECUCIÓN DE LA OBRA: MEJORAMIENTO DEL SERVICIO DE MOVILIDAD URBANA EN LAS URBANIZACIONES SAN JULIAN, SANTA MÓNICA I Y II DEL DISTRITO DE JULIACA - PROVINCIA DE SAN ROMÁN DEL DEPARTAMENTO DE PUNO - II ETAPA CUI N° 2484626"|"1"|"Servicio"|"Soles"|"1.00"|"2712200.17"|"ITEM"
"MUNICIPALIDAD PROVINCIAL DE SAN ROMAN - JULIACA"|"Subasta Inversa Electrónica"|"Subasta Inversa Electrónica"|"5"|"2024"|"MPSR-J"|"ADQUISICIÓN DE ALIMENTOS DIVERSOS PARA EL PROGRAMA DE COMPLEMENTACIÓN ALIMENTARIA"|"SIE-SIE-5-2024-MPSR-J-1"|"Bien"|"---"|""|"11/03/2024 18:58:00"|"12/03/2024 00:01:00"|"21/03/2024 23:59:00"|"12/03/2024 00:01:00"|null|"bb534ec1-82b9-47c1-9c14-a7debc03f045"|"1"|"ADQUISICIÓN DE ALIMENTOS DIVERSOS PARA EL PROGRAMA DE COMPLEMENTACIÓN ALIMENTARIA"|"8"|" "|"Soles"|"1.00"|"---"|"PAQUETE"
"MUNICIPALIDAD PROVINCIAL DE SAN ROMAN - JULIACA"|"Subasta Inversa Electrónica"|"Subasta Inversa Electrónica"|"6"|"2024"|"MPSR-J"|"ADQUISICIÓN DE ALIMENTOS DIVERSOS PARA EL PROGRAMA DE ALIMENTACIÓN Y NUTRICIÓN PARA EL PACIENTE CON TUBERCULOSIS"|"SIE-SIE-6-2024-MPSR-J-1"|"Bien"|"---"|""|"11/03/2024 18:59:00"|"12/03/2024 00:01:00"|"18/03/2024 23:59:00"|"12/03/2024 00:01:00"|null|"830bee25-c42e-4a64-88a5-ba0b64f08f07"|"1"|"ADQUISICIÓN DE ALIMENTOS DIVERSOS PARA EL PROGRAMA DE ALIMENTACIÓN Y NUTRICIÓN PARA EL PACIENTE CON TUBERCULOSIS"|"7"|" "|"Soles"|"1.00"|"---"|"PAQUETE"
"MUNICIPALIDAD PROVINCIAL DE SAN ROMAN - JULIACA"|"Subasta Inversa Electrónica"|"Subasta Inversa Electrónica"|"8"|"2024"|"MPSR-J"|"ADQUISICIÓN DE ADOQUÍN DE CONCRETO PARA EL PROYECTO MEJORAMIENTO DEL SERVICIO DE MOVILIDAD URBANA EN EL JR. JAUREGUI, JR. UNIÓN Y JR. SAN ROMÁN (TRAMO JR. SALAVERRY Y JR. 9 DE DICIEMBRE) DEL DISTRITO DE JULIACA DE LA PROVINCIA DE SAN ROMÁN DEL DEPARTAMENTO DE PUNO"|"SIE-SIE-8-2024-MPSR-J-1"|"Bien"|"---"|""|"13/03/2024 18:27:00"|"14/03/2024 00:01:00"|"20/03/2024 23:59:00"|"14/03/2024 00:01:00"|null|"2701ba7c-471a-4f6e-bf83-275a8f945a50"|"1"|"ADOQUIN DE CONCRETO 8CM X10CM X 20 cm para la Obra: ¿MEJORAMIENTO DEL SERVICIO DE MOVILIDAD URBANA EN EL JR. JAUREGUI, JR. UNION Y JR SAN ROMAN (TRAMO JR. SALAVERRY Y JR. 9 DE DICIEMBRE) DISTRITO DE JULIACA DE LA PROVINCIA DE SAN ROMAN  DEL DEPARTAMENTO DE PUNO¿."|"2774"|"M2"|"Soles"|"1.00"|"---"|"ITEM"
"MUNICIPALIDAD PROVINCIAL DE SAN ROMAN - JULIACA"|"Subasta Inversa Electrónica"|"Subasta Inversa Electrónica"|"7"|"2024"|"MPSR-J"|"ADQUISICIÓN DE COMBUSTIBLE PARA EL PROYECTO: MEJORAMIENTO DE LA PRODUCTIVIDAD Y COMPETITIVIDAD DE OVINOS DE LA RAZA CORRIEDALE EN LAS COMUNIDADES CAMPESINAS DEL DISTRITO DE JULIACA ¿ PROVINCIA DE SAN ROMÁN ¿ DEPARTAMENTO DE PUNO."|"SIE-SIE-7-2024-MPSR-J-1"|"Bien"|"---"|""|"13/03/2024 18:36:00"|"14/03/2024 00:01:00"|"20/03/2024 23:59:00"|"14/03/2024 00:01:00"|null|"5fe61cea-291b-4d59-93b8-41146abc87f1"|"1"|"ADQUISICIÓN DE COMBUSTIBLE PARA EL PROYECTO: MEJORAMIENTO DE LA PRODUCTIVIDAD Y COMPETITIVIDAD DE OVINOS DE LA RAZA CORRIEDALE EN LAS COMUNIDADES CAMPESINAS DEL DISTRITO DE JULIACA ¿ PROVINCIA DE SAN ROMÁN ¿ DEPARTAMENTO DE PUNO."|"3021"|" "|"Soles"|"1.00"|"---"|"PAQUETE"
"MUNICIPALIDAD PROVINCIAL DE SAN ROMAN - JULIACA"|"Adjudicación Simplificada"|"Sin Modalidad"|"6"|"2024"|"MPSR-J"|"ADQUISICION E INSTALACION DE CONTENEDOR SOTERRADO PARA LA OBRA: RENOVACION DE ESPEJO DE AGUA Y BANCA; ADQUISICION DE CONTENEDOR Y LUMINARIA; ADEMAS DE OTROS ACTIVOS EN EL (LA) PLAZOLETAS DEL CENTRO COMERCIAL NRO 1 DEL DISTRITO DE JULIACA, PROVINCIA DE SAN ROMÁN, DEPARTAMENTO DE PUNO."|"AS-SM-6-2024-MPSR-J-1"|"Bien"|"---"|""|"22/02/2024 21:09:00"|"23/02/2024 00:01:00"|"17/03/2024 23:59:00"|"18/03/2024 00:01:00"|null|"c84f0cff-82c2-4ecd-a7c6-6f14a5a67aec"|"1"|"ADQUISICION E INSTALACION DE CONTENEDOR SOTERRADO PARA LA OBRA: RENOVACION DE ESPEJO DE AGUA Y BANCA; ADQUISICION DE CONTENEDOR Y LUMINARIA; ADEMAS DE OTROS ACTIVOS EN EL (LA) PLAZOLETAS DEL CENTRO COMERCIAL NRO 1 DEL DISTRITO DE JULIACA, PROVINCIA D"|"1"|"Unidad"|"Soles"|"1.00"|"---"|"ITEM"
"MUNICIPALIDAD PROVINCIAL DE SAN ROMAN - JULIACA"|"Licitación Pública"|"Sin Modalidad"|"1"|"2024"|"MPSR-J"|"ADQUISICIÓN DE LECHE EVAPORADA ENTERA X 410 g APROX. PARA EL PROGRAMA DE VASO DE LECHE"|"LP-SM-1-2024-MPSR-J-1"|"Bien"|"---"|""|"28/02/2024 16:50:00"|"29/02/2024 00:01:00"|"01/04/2024 23:59:00"|"02/04/2024 00:01:00"|null|"05b888df-3b0c-4755-bf37-0e180c667421"|"1"|"ADQUISICIÓN DE LECHE EVAPORADA ENTERA X 410 g APROX. PARA EL PROGRAMA DE VASO DE LECHE"|"414240"|"Unidad"|"Soles"|"1.00"|"---"|"ITEM"
"MUNICIPALIDAD PROVINCIAL DE SAN ROMAN - JULIACA"|"Licitación Pública"|"Sin Modalidad"|"2"|"2024"|"MPSR-J"|"ADQUISICIÓN DE HOJUELA DE AVENA PRECOCIDA, ENRIQUECIDA CON VITAMINAS Y MINERALES PARA EL PROGRAMA DE VASO DE LECHE."|"LP-SM-2-2024-MPSR-J-1"|"Bien"|"---"|""|"28/02/2024 18:48:00"|"29/02/2024 00:01:00"|"01/04/2024 23:59:00"|"02/04/2024 00:01:00"|null|"c78fb3b9-0eaa-4666-ad72-7e1177e17556"|"1"|"ADQUISICIÓN DE HOJUELA DE AVENA PRECOCIDA, ENRIQUECIDA CON VITAMINAS Y MINERALES PARA EL PROGRAMA DE VASO DE LECHE."|"103560"|"Kilogramo"|"Soles"|"1.00"|"---"|"ITEM"
"MUNICIPALIDAD PROVINCIAL DE SANDIA"|"Adjudicación Simplificada"|"Sin Modalidad"|"3"|"2024"|"MPS/CS"|"SERVICIO DE CONSULTORIA DE ELABORACION DE EXPEDIENTE TECNICO DEL PROYECTO: MEJORAMIENTO Y AMPLIACION DEL SERVICIO DE AGUA POTABLE RURAL Y MEJORAMIENTO DEL SERVICIO DE ALCANTARILLADO U OTRAS FORMAS DE DISPOSICIÓN SANITARIA DE EXCRETAS EN LA COMUNIDAD CAMPESINA DE CANU CANU DEL DISTRITO DE PATAMBUCO DE LA PROVINCIA DE SANDIA DEL DEPARTAMENTO DE PUNO¿."|"AS-SM-3-2024-MPS/CS-2"|"Consultoría de Obra"|"160000.00"|"Soles"|"05/03/2024 21:26:00"|"06/03/2024 00:01:00"|"13/03/2024 23:59:00"|"14/03/2024 00:01:00"|null|"34a49eb1-0fad-475a-8078-121a590de642"|"1"|"SERVICIO DE CONSULTORIA DE ELABORACION DE EXPEDIENTE TECNICO DEL PROYECTO: MEJORAMIENTO Y AMPLIACION DEL SERVICIO DE AGUA POTABLE RURAL Y MEJORAMIENTO DEL SERVICIO DE ALCANTARILLADO U OTRAS FORMAS DE DISPOSICIÓN SANITARIA DE EXCRETAS EN LA COMUNIDAD CAMPESINA DE CANU CANU DEL DISTRITO DE PATAMBUCO DE LA PROVINCIA DE SANDIA DEL DEPARTAMENTO DE PUNO¿."|"1"|"Servicio"|"Soles"|"1.00"|"160000.00"|"ITEM"
"MUNICIPALIDAD PROVINCIAL DE SANDIA"|"Subasta Inversa Electrónica"|"Subasta Inversa Electrónica"|"1"|"2024"|"MPS/OEC"|"ADQUISICIÓN DE FILETE DE CABALLA EN ACEITE VEGETAL CALIDAD EXTRA DE 170gr. PARA EL PROGRAMA DE COMPLEMENTACIÓN ALIMENTARIA ¿ COMEDORES POPULARES"|"SIE-SIE-1-2024-MPS/OEC-1"|"Bien"|"---"|""|"06/03/2024 20:50:00"|"07/03/2024 00:01:00"|"13/03/2024 23:59:00"|"07/03/2024 00:01:00"|null|"d3ceea64-68e2-4fe7-89d8-332dc3b4bcdb"|"1"|"CONSERVA DE FILETE DE CABALLA EN ACEITE VEGETAL CALIDAD EXTRA ENVASE DE LATA X 170 g"|"9311"|"Unidad"|"Soles"|"1.00"|"---"|"ITEM"
"MUNICIPALIDAD PROVINCIAL DE SANDIA"|"Subasta Inversa Electrónica"|"Subasta Inversa Electrónica"|"2"|"2024"|"MPS/OEC"|"ADQUISICION DE ARROZ PILADO EXTRA, PARA PCA ¿ CENTROS DE ATENCION ALIMENTARIA ¿COMEDORES POPULARES¿"|"SIE-SIE-2-2024-MPS/OEC-1"|"Bien"|"---"|""|"06/03/2024 21:26:00"|"07/03/2024 00:01:00"|"13/03/2024 23:59:00"|"07/03/2024 00:01:00"|null|"5b986ab8-656a-4edb-b5ab-a89229a64d24"|"1"|"ADQUISICIÓN DE ARROZ EXTRA PARA EL PROGRAMA DE COMPLEMENTACIÓN ALIMENTARIA - COMEDORES POPULARES"|"18348"|"Kilogramo"|"Soles"|"1.00"|"---"|"ITEM"
"MUNICIPALIDAD PROVINCIAL DE SANDIA"|"Adjudicación Simplificada"|"Sin Modalidad"|"4"|"2024"|"MPS/CS"|"ADQUISICION DE LECHE EVAPORADA ENTERA EN TARRO X410GR, RACION ALIMENTARIA DEL PROGRAMA VASO DE LECHE DE LA MUNICIPALIDAD PROVINCIAL DE SANDIA ¿ 2024."|"AS-SM-4-2024-MPS/CS-1"|"Bien"|"---"|""|"07/03/2024 16:11:00"|"08/03/2024 00:01:00"|"17/03/2024 23:59:00"|"18/03/2024 00:01:00"|null|"7441956f-9ff4-4c77-b682-1f3bf9affbf5"|"1"|"ADQUISICION DE LECHE EVAPORADA ENTERA EN TARRO X410GR, RACION ALIMENTARIA DEL PROGRAMA VASO DE LECHE DE LA MUNICIPALIDAD PROVINCIAL DE SANDIA ¿ 2024."|"55042"|"Unidad"|"Soles"|"1.00"|"---"|"ITEM"
"PROYECTO ESPECIAL BINACIONAL LAGO TITICACA"|"Subasta Inversa Electrónica"|"Subasta Inversa Electrónica"|"1"|"2024"|"MIDAGRI-PEBLT"|"SUMINISTRO DE COMBUSTIBLES PARA METAS OPERATIVAS DEL PROYECTO ESPECIAL BINACIONAL LAGO TITICACA"|"SIE-SIE-1-2024-MIDAGRI-PEBLT-1"|"Bien"|"---"|""|"06/03/2024 20:20:00"|"07/03/2024 00:01:00"|"13/03/2024 23:59:00"|"07/03/2024 00:01:00"|null|"b5c58d07-e5b4-42d6-867c-2783c6029cf7"|"1"|"SUMINISTRO DE COMBUSTIBLES PARA METAS OPERATIVAS DEL PROYECTO ESPECIAL BINACIONAL LAGO TITICACA"|"1"|" "|"Soles"|"1.00"|"---"|"PAQUETE"
"PROYECTO ESPECIAL BINACIONAL LAGO TITICACA"|"Subasta Inversa Electrónica"|"Subasta Inversa Electrónica"|"2"|"2024"|"MIDAGRI-PEBLT"|"SUMINISTRO DE COMBUSTIBLES PARA LA META 005 RECUPERACION DE AREAS FORESTALES DEGRADADAS O ALTERADAS"|"SIE-SIE-2-2024-MIDAGRI-PEBLT-1"|"Bien"|"---"|""|"06/03/2024 20:57:00"|"07/03/2024 00:01:00"|"13/03/2024 23:59:00"|"07/03/2024 00:01:00"|null|"d20c9976-84a4-4805-850b-af8ea47e33f3"|"1"|"SUMINISTRO DE COMBUSTIBLES PARA LA META 005 RECUPERACION DE AREAS FORESTALES DEGRADADAS O ALTERADAS"|"1"|" "|"Soles"|"1.00"|"---"|"PAQUETE"
"UNIVERSIDAD NACIONAL DE JULIACA"|"Subasta Inversa Electrónica"|"Subasta Inversa Electrónica"|"1"|"2024"|"UNAJ/OEC"|"CONTRATACION DE BIENES: DIESEL B5 S50  PARA LOS VEHICULOS  (CAMIONETAS Y BUSES) PARA EL SERVICIO DE TRANSPORTE UNIVERSITARIO Y TRASLADO DE LAS DIFERENTES PROGRAMAS DE LA UNIVERSIDAD NACIONAL DE JULIACA PARA EL PERIODO 2024."|"SIE-SIE-1-2024-UNAJ/OEC-2"|"Bien"|"---"|""|"11/03/2024 20:46:00"|"12/03/2024 00:01:00"|"18/03/2024 23:59:00"|"12/03/2024 00:01:00"|null|"b6d1b611-e4e4-463c-817f-f67fc5fb1ae5"|"1"|"CONTRATACION DE BIENES: DIESEL B5 S50  PARA LOS VEHICULOS  (CAMIONETAS Y BUSES) PARA EL SERVICIO DE TRANSPORTE UNIVERSITARIO Y TRASLADO DE LAS DIFERENTES PROGRAMAS DE LA UNIVERSIDAD NACIONAL DE JULIACA PARA EL PERIODO 2024."|"8042"|"Galon"|"Soles"|"1.00"|"---"|"ITEM"
"UNIVERSIDAD NACIONAL DE JULIACA"|"Concurso Público"|"Sin Modalidad"|"1"|"2024"|"UNAJ/CS"|"CONTRATACION DE SERVICIO DE ALIMENTACION PARA ESTUDIANTES BENIFICIARIOS CON BECA DE ALIMENTOS DE LA UNIVERSIDAD NACIONAL DE JULIACA SEMESTRES ACADEMICOS 2024-I Y 2024-II"|"CP-SM-1-2024-UNAJ/CS-1"|"Servicio"|"---"|""|"21/02/2024 17:27:00"|"22/02/2024 00:01:00"|"21/03/2024 23:59:00"|"22/03/2024 00:01:00"|null|"b3668a0f-af47-4809-95d1-cda0b58bb5ea"|"1"|"CONTRATACION DE SERVICIO DE ALIMENTACION PARA ESTUDIANTES BENIFICIARIOS CON BECA DE ALIMENTOS DE LA UNIVERSIDAD NACIONAL DE JULIACA SEMESTRES ACADEMICOS 2024-I Y 2024-II"|"1"|"Servicio"|"Soles"|"1.00"|"---"|"ITEM"
"UNIVERSIDAD NACIONAL DEL ALTIPLANO"|"Licitación Pública"|"Sin Modalidad"|"1"|"2024"|"UNA/CS"|"CONTRATACION DE TELA CASIMIR PARA PERSONAL DE LA UNIVERSIDAD NACIONAL DEL ALTIPLANO - (UNA PUNO), SEGÚN ESPECIFICACIONES TECNICAS."|"LP-SM-1-2024-UNA/CS-1"|"Bien"|"---"|""|"05/03/2024 22:34:00"|"06/03/2024 00:01:00"|"08/04/2024 23:59:00"|"09/04/2024 00:01:00"|null|"df2e7423-a0f2-4186-9977-44618aeb4130"|"2"|"TELA CASIMIR PARA PERSONAL ADMINISTRATIVO (CORTES DE 3 METROS)"|"4200"|"Metro"|"Soles"|"1.00"|"---"|"ITEM"
"UNIVERSIDAD NACIONAL DEL ALTIPLANO"|"Licitación Pública"|"Sin Modalidad"|"1"|"2024"|"UNA/CS"|"CONTRATACION DE TELA CASIMIR PARA PERSONAL DE LA UNIVERSIDAD NACIONAL DEL ALTIPLANO - (UNA PUNO), SEGÚN ESPECIFICACIONES TECNICAS."|"LP-SM-1-2024-UNA/CS-1"|"Bien"|"---"|""|"05/03/2024 22:34:00"|"06/03/2024 00:01:00"|"08/04/2024 23:59:00"|"09/04/2024 00:01:00"|null|"df2e7423-a0f2-4186-9977-44618aeb4130"|"1"|"TELA CASIMIR PARA PERSONAL DOCENTE (CORTES DE 3 METROS)"|"5400"|"Metro"|"Soles"|"1.00"|"---"|"ITEM"
"UNIVERSIDAD NACIONAL DEL ALTIPLANO"|"Subasta Inversa Electrónica"|"Subasta Inversa Electrónica"|"1"|"2024"|"UNDA"|"ADQUISICION DE CEMENTO PORTLAND TIPO IP"|"SIE-SIE-1-2024-UNDA-1"|"Bien"|"---"|""|"13/03/2024 22:45:00"|"14/03/2024 00:01:00"|"25/03/2024 23:59:00"|"14/03/2024 00:01:00"|null|"3eaa7039-7136-4db1-a516-6dbd78f7688b"|"1"|"CEMENTO PORTLAND PUZOLANICO TIPO IP X 42.50 kg"|"1360000"|"Kilogramo"|"Soles"|"1.00"|"---"|"ITEM"
